CASE_ID,ACCIDENT_YEAR,PROC_DATE,JURIS,COLLISION_DATE,COLLISION_TIME,OFFICER_ID,REPORTING_DISTRICT,DAY_OF_WEEK,CHP_SHIFT,POPULATION,CNTY_CITY_LOC,SPECIAL_COND,BEAT_TYPE,CHP_BEAT_TYPE,CITY_DIVISION_LAPD,CHP_BEAT_CLASS,BEAT_NUMBER,PRIMARY_RD,SECONDARY_RD,DISTANCE,DIRECTION,INTERSECTION,WEATHER_1,WEATHER_2,STATE_HWY_IND,CALTRANS_COUNTY,CALTRANS_DISTRICT,STATE_ROUTE,ROUTE_SUFFIX,POSTMILE_PREFIX,POSTMILE,LOCATION_TYPE,RAMP_INTERSECTION,SIDE_OF_HWY,TOW_AWAY,COLLISION_SEVERITY,NUMBER_KILLED,NUMBER_INJURED,PARTY_COUNT,PRIMARY_COLL_FACTOR,PCF_CODE_OF_VIOL,PCF_VIOL_CATEGORY,PCF_VIOLATION,PCF_VIOL_SUBSECTION,HIT_AND_RUN,TYPE_OF_COLLISION,MVIW,PED_ACTION,ROAD_SURFACE,ROAD_COND_1,ROAD_COND_2,LIGHTING,CONTROL_DEVICE,CHP_ROAD_TYPE,PEDESTRIAN_ACCIDENT,BICYCLE_ACCIDENT,MOTORCYCLE_ACCIDENT,TRUCK_ACCIDENT,NOT_PRIVATE_PROPERTY,ALCOHOL_INVOLVED,STWD_VEHTYPE_AT_FAULT,CHP_VEHTYPE_AT_FAULT,COUNT_SEVERE_INJ,COUNT_VISIBLE_INJ,COUNT_COMPLAINT_PAIN,COUNT_PED_KILLED,COUNT_PED_INJURED,COUNT_BICYCLIST_KILLED,COUNT_BICYCLIST_INJURED,COUNT_MC_KILLED,COUNT_MC_INJURED,PRIMARY_RAMP,SECONDARY_RAMP,LATITUDE,LONGITUDE,COUNTY,CITY,POINT_X,POINT_Y
8757957,2018,2018-12-27,3801,2018-11-01,1425,2059,CENTR,4,5,7,3801,0,0,0,,0,3A15A,"MARKET ST","FRONT ST",0.00,,Y,A,-,N,,,,,,,,,,N,4,0,1,2,A,-,05,21202,,N,D,G,A,A,H,-,A,A,0,,Y,,,Y,,L,04,0,0,1,0,0,0,1,0,0,-,-,,,"SAN FRANCISCO","SAN FRANCISCO",-122.39833993,37.79168989
8757953,2018,2018-12-27,3801,2018-11-09,0909,893,TARAV,5,5,7,3801,0,0,0,,0,3I13A,"NORIEGA ST","48TH AV",20.00,W,N,A,-,N,,,,,,,,,,N,4,0,1,2,A,-,03,22350,,N,C,E,A,A,H,-,A,D,0,,,,,Y,,D,22,0,0,1,0,0,0,0,0,0,-,-,,,"SAN FRANCISCO","SAN FRANCISCO",-122.50762899,37.75287575
8757945,2018,2019-01-17,3801,2018-11-01,0830,4358,3C11A,4,5,7,3801,0,0,0,,0,BAYVIE,"TENNESSEE ST","22ND ST",484.00,N,N,A,-,N,,,,,,,,,,Y,4,0,1,2,A,-,03,22350,,N,C,E,A,A,H,-,A,D,0,,,,,Y,Y,I,10,0,0,1,0,0,0,0,0,0,-,-,,,"SAN FRANCISCO","SAN FRANCISCO",-122.38938254,37.75921545
8757941,2018,2019-01-08,3801,2018-11-26,1339,937,TENDE,1,5,7,3801,0,0,0,,0,3J11A,"MARKET ST","MASON ST",44.00,W,N,A,-,N,,,,,,,,,,Y,3,0,2,2,A,-,08,22107,,N,B,F,A,A,H,-,A,A,0,,,,,Y,,A,01,0,1,1,0,0,0,0,0,0,-,-,,,"SAN FRANCISCO","SAN FRANCISCO",-122.40918604,37.78314324
8757937,2018,2018-12-27,3801,2018-11-27,1300,964,NORTH,2,5,7,3801,0,0,0,,0,3E42C,"FRANCISCO ST","VAN NESS AV",0.00,,Y,B,C,N,,,,,,,,,,N,4,0,1,2,A,-,11,21950,B,M,G,B,D,B,H,-,A,A,0,Y,,,,Y,,N,60,0,0,1,0,1,0,0,0,0,-,-,,,"SAN FRANCISCO","SAN FRANCISCO",-122.4249599,37.8031999
8757929,2018,2018-12-24,3801,2018-11-26,1639,2419,RICHM,1,5,7,3801,0,0,0,,0,0G2,"MASONIC AV","GEARY BL",0.00,,Y,A,-,N,,,,,,,,,,Y,2,0,1,2,A,-,07,21658,A,N,A,I,A,A,H,-,A,A,0,,,,,Y,,D,22,1,0,0,0,0,0,0,0,0,-,-,,,"SAN FRANCISCO","SAN FRANCISCO",-122.44786986,37.78227989
8757925,2018,2018-12-27,3801,2018-11-25,1300,327,INGLE,7,5,7,3801,0,0,0,,0,3H11C,"MUNICH ST","SOUTH HILL BL",0.00,,Y,A,-,N,,,,,,,,,,Y,4,0,1,2,A,-,17,21461,A,N,A,C,A,A,H,-,A,A,0,,,,,Y,,A,01,0,0,1,0,0,0,0,0,0,-,-,,,"SAN FRANCISCO","SAN FRANCISCO",-122.43300988,37.71270991
8756979,2018,2018-12-11,3801,2018-08-08,2145,340,INGLE,3,5,7,3801,0,0,0,,0,3H11D,"CAPP ST","18TH ST",0.00,,Y,A,-,N,,,,,,,,,,N,4,0,1,2,D,-,00,,,F,G,B,B,A,G,-,C,A,0,Y,,,,Y,,-,-,0,0,1,0,1,0,0,0,0,-,-,,,"SAN FRANCISCO","SAN FRANCISCO",-122.41826993,37.76188996
8756749,2018,2019-01-28,3801,2018-10-20,1734,2207,CENTR,6,5,7,3801,0,0,0,,0,3A11D,"POST ST","LARKIN ST",0.00,,Y,A,-,N,,,,,,,,,,N,4,0,3,2,A,-,12,21453,A,N,D,C,A,A,H,-,A,A,0,,,,,Y,,A,01,0,0,3,0,0,0,0,0,0,-,-,,,"SAN FRANCISCO","SAN FRANCISCO",-122.41826994,37.7870399
8756741,2018,2019-01-28,3801,2018-10-29,1135,2239,INGLE,1,5,7,3801,0,0,0,,0,3HILE,"SAN JOSE AV","SAINT MARYS AV",700.00,N,N,A,-,N,,,,,,,,,,N,4,0,1,2,A,-,17,27400,,N,A,E,A,A,H,-,A,D,0,,Y,,,Y,,L,04,0,0,1,0,0,0,1,0,0,-,-,,,"SAN FRANCISCO","SAN FRANCISCO",-122.42662698,37.73620649
8756737,2018,2019-01-28,3801,2018-10-27,1230,1713,SOUTH,6,5,7,3801,0,0,0,,0,3B11A,"MISSION ST","5TH ST",82.00,W,N,A,-,N,,,,,,,,,,N,3,0,1,2,A,-,07,21658,A,N,H,C,A,A,H,-,A,A,0,,,Y,,Y,,I,20,0,1,0,0,0,0,0,0,1,-,-,,,"SAN FRANCISCO","SAN FRANCISCO",-122.40668879,37.78257921
8756719,2018,2018-12-31,3801,2018-11-11,1009,1572,,7,5,7,3801,0,0,0,,0,3B1A,"MAIN ST","MISSION ST",0.00,,Y,A,-,N,,,,,,,,,,N,4,0,1,2,A,-,08,22101,D,N,B,D,A,A,H,-,A,A,0,,,,,Y,,-,,0,0,1,0,0,0,0,0,0,-,-,,,"SAN FRANCISCO","SAN FRANCISCO",-122.39496995,37.79185995
8756718,2018,2019-02-20,3801,2018-11-20,1658,1230,,2,5,7,3801,0,0,0,,0,3H12D,"MISSION ST","29TH ST",68.00,S,N,A,-,N,,,,,,,,,,N,4,0,5,2,A,-,08,22107,,N,B,C,A,A,H,-,C,D,0,,,,,Y,,A,01,0,0,5,0,0,0,0,0,0,-,-,,,"SAN FRANCISCO","SAN FRANCISCO",-122.4210244,37.7439126
8756712,2018,2019-01-02,3801,2018-11-25,0202,707,,7,5,7,3801,0,0,0,,0,901,"6TH ST","HOWARD ST",0.00,,Y,A,-,N,,,,,,,,,,Y,4,0,4,3,A,-,01,23153,A,F,D,C,A,A,H,-,C,A,0,,,,,Y,Y,A,01,0,0,4,0,0,0,0,0,0,-,-,,,"SAN FRANCISCO","SAN FRANCISCO",-122.40713988,37.77974995
8756711,2018,2018-12-31,3801,2018-11-08,2201,2334,,4,5,7,3801,0,0,0,,0,0B1,"BEALE ST","FOLSOM ST",81.00,N,N,A,-,N,,,,,,,,,,N,4,0,1,2,D,-,00,,,N,G,B,E,-,H,-,C,D,0,Y,,,,Y,,-,-,0,0,1,0,1,0,0,0,0,-,-,,,"SAN FRANCISCO","SAN FRANCISCO",-122.39292052,37.78886553
8756707,2018,2018-12-31,3801,2018-11-08,1445,2375,,4,5,7,3801,0,0,0,,0,,"GEARY BL","6TH AV",39.00,W,N,A,-,N,,,,,,,,,,,4,0,1,2,A,-,11,21954,A,N,G,B,E,A,H,-,A,D,0,Y,,,,Y,,N,60,0,0,1,0,1,0,0,0,0,-,-,,,"SAN FRANCISCO","SAN FRANCISCO",-122.46442463,37.7810822
8756696,2018,2019-01-02,3801,2018-11-07,1130,2210,,3,5,7,3801,0,0,0,,0,3H13C,"MISSION ST","BRAZIL AV",0.00,,Y,A,-,N,,,,,,,,,,N,4,0,1,2,A,-,10,21950,A,N,G,B,B,A,H,-,A,A,0,Y,,Y,,Y,,C,06,0,0,1,0,1,0,0,0,0,-,-,37.72458,-122.43485,"SAN FRANCISCO","SAN FRANCISCO",-122.43482988,37.72469996
8756692,2018,2019-01-02,3801,2018-11-09,1205,001147,,5,5,7,3801,0,0,0,,0,3B12A,"TOWNSEND ST","4TH ST",0.00,,Y,A,-,N,,,,,,,,,,N,4,0,1,2,A,-,00,23123,5,N,C,C,A,A,H,-,A,A,0,,,,,Y,,M,96,0,0,1,0,0,0,0,0,0,-,-,,,"SAN FRANCISCO","SAN FRANCISCO",-122.39498995,37.77710997
8756683,2018,2018-12-31,3801,2018-11-21,1143,319,,3,5,7,3801,0,0,0,,0,3A12A,"POWELL ST","BUSH ST",0.00,,Y,C,-,N,,,,,,,,,,N,4,0,1,2,A,-,12,21453,A,N,D,J,A,B,H,-,A,A,0,,,,Y,Y,,F,26,0,0,1,0,0,0,0,0,0,-,-,,,"SAN FRANCISCO","SAN FRANCISCO",-122.40878999,37.79016996
8756639,2018,2018-12-11,3801,2018-10-24,1925,4003,TARAV,3,5,7,3801,0,0,0,,0,3I11A,"19TH AV","19TH AV 1811",0.00,,Y,A,-,N,,,,,,,,,,Y,4,0,1,1,A,-,03,22350,A,N,A,I,A,A,H,-,C,D,0,,,,,Y,,A,01,0,0,1,0,0,0,0,0,0,-,-,,,"SAN FRANCISCO","SAN FRANCISCO",,
8756635,2018,2018-12-11,3801,2018-10-29,0004,2353,NORTH,1,5,7,3801,0,0,0,,0,001,"TURK ST","SCOTT ST",0.00,,Y,A,-,N,,,,,,,,,,N,4,0,2,2,A,-,12,21453,,N,D,D,A,A,H,-,C,A,0,,,,,Y,,A,01,0,0,2,0,0,0,0,0,0,-,-,,,"SAN FRANCISCO","SAN FRANCISCO",-122.43705988,37.77985995
8756633,2018,2018-12-11,3801,2018-10-29,1209,221,TENDE,1,5,7,3801,0,0,0,,0,3J51B,"HYDE (SB)","GOLDEN GATE (EB)",0.00,,Y,A,-,N,,,,,,,,,,Y,3,0,2,3,A,-,10,21950,A,F,G,B,B,A,H,-,A,A,0,Y,,,,Y,,A,01,0,1,1,0,2,0,0,0,0,TO,-,,,"SAN FRANCISCO","SAN FRANCISCO",-122.41549995,37.78164991
8756631,2018,2018-12-11,3801,2018-10-31,1629,321,RICHM,3,5,7,3801,0,0,0,,0,3G15D,"POINT LOBOS","POINT LOBOS 1090",0.00,,Y,A,-,N,,,,,,,,,,N,4,0,1,2,D,-,00,,,N,D,G,A,A,H,-,A,D,0,,Y,,,Y,,-,-,0,0,1,0,0,0,1,0,0,-,-,,,"SAN FRANCISCO","SAN FRANCISCO",,
8756629,2018,2018-12-11,3801,2018-10-30,1855,2355,PARK,2,5,7,3801,0,0,0,,0,0F3,"FELL ST","STANYAN ST",0.00,,Y,A,-,N,,,,,,,,,,N,3,0,2,2,A,-,11,21453,D,N,D,G,A,A,H,-,C,A,0,,Y,Y,,Y,,L,04,0,1,1,0,0,0,1,0,1,-,-,,,"SAN FRANCISCO","SAN FRANCISCO",-122.45406996,37.77196992
8756627,2018,2018-12-11,3801,2018-10-26,1042,834,MISSI,5,5,7,3801,0,0,0,,0,3D13A,"S VAN NESS AV","23RD ST",300.00,N,N,A,-,N,,,,,,,,,,N,3,0,1,2,A,-,03,22350,,N,C,C,A,A,C,D,A,D,0,,,Y,,Y,,A,01,0,1,0,0,0,0,0,0,1,-,-,,,"SAN FRANCISCO","SAN FRANCISCO",-122.41651657,37.7547819
8756625,2018,2018-12-11,3801,2018-10-05,1725,1332,INGLE,5,5,7,3801,0,0,0,,0,3H16D,"ARGONAUT AV","ARGONAUT AV 445",0.00,,Y,A,-,N,,,,,,,,,,N,4,0,1,2,A,-,03,22350,,N,C,C,A,A,H,-,A,D,0,,,,,Y,,A,01,0,0,1,0,0,0,0,0,0,-,-,,,"SAN FRANCISCO","SAN FRANCISCO",,
8756623,2018,2018-12-11,3801,2018-10-31,1344,905,COD,3,5,7,3801,0,0,0,,0,3D15C,"FOLSOM ST","24TH ST",275.00,N,N,A,-,N,,,,,,,,,,Y,3,0,1,3,A,-,03,22350,A,N,C,C,A,A,H,-,A,D,0,,,,,Y,Y,A,01,0,1,0,0,0,0,0,0,0,-,-,,,"SAN FRANCISCO","SAN FRANCISCO",-122.41416484,37.75326313
8756622,2018,2018-12-11,3801,2018-10-22,1932,556,SOUTH,1,5,7,3801,0,0,0,,0,3B12D,"5TH ST","FOLSOM ST",14.00,N,N,A,-,N,,,,,,,,,,N,4,0,1,2,A,-,10,21950,A,N,G,B,B,A,H,-,C,A,0,Y,,,,Y,Y,A,01,0,0,1,0,1,0,0,0,0,-,-,,,"SAN FRANCISCO","SAN FRANCISCO",-122.40343241,37.78029859
8756620,2018,2018-12-11,3801,2018-10-17,1540,335,CENTR,3,5,7,3801,0,0,0,,0,3A15C,"LARKIN ST","LARKIN ST 2543",0.00,,Y,A,-,N,,,,,,,,,,N,3,0,1,2,D,-,00,,,N,H,G,A,A,H,-,A,D,0,,Y,,,Y,,-,-,0,1,0,0,0,0,1,0,0,-,-,,,"SAN FRANCISCO","SAN FRANCISCO",,
8756619,2018,2018-12-11,3801,2018-10-05,0056,1042,SOUTH,5,5,7,3801,0,0,0,,0,3B13E,"FOLSOM ST","FOLSOM ST 1190",0.00,,Y,A,-,N,,,,,,,,,,,4,0,1,2,D,-,00,,,N,B,B,E,A,H,-,C,A,0,Y,,,,Y,Y,-,-,0,0,1,0,1,0,0,0,0,-,-,,,"SAN FRANCISCO","SAN FRANCISCO",,
8756615,2018,2018-12-11,3801,2018-10-08,0326,2732,CENTR,1,5,7,3801,0,0,0,,0,,"GEARY ST","LARKIN ST",0.00,,Y,A,-,N,,,,,,,,,,N,3,0,1,2,A,-,17,21200,,N,C,G,A,A,H,-,C,A,0,,Y,,,Y,Y,L,04,0,1,0,0,0,0,1,0,0,-,-,,,"SAN FRANCISCO","SAN FRANCISCO",-122.4181099,37.78610989
8756612,2018,2018-12-12,3801,2018-10-18,1241,1273,CENTR,4,5,7,3801,0,0,0,,0,3A46B,"POST ST","STOCKTON ST",0.00,,Y,A,-,N,,,,,,,,,,N,4,0,1,2,A,-,09,21804,A,N,B,C,A,A,H,-,A,A,0,,,Y,,Y,,A,01,0,0,1,0,0,0,0,0,1,-,-,,,"SAN FRANCISCO","SAN FRANCISCO",-122.40676988,37.78850999
8756609,2018,2018-12-11,3801,2018-10-05,0922,2719,,5,5,7,3801,0,0,0,,0,,"GEARY BL","8TH AV",0.00,,Y,A,-,N,,,,,,,,,,N,2,0,1,2,A,-,10,21950,A,N,G,B,B,A,H,-,A,A,0,Y,,,,Y,,-,,1,0,0,0,1,0,0,0,0,-,-,,,"SAN FRANCISCO","SAN FRANCISCO",-122.46642997,37.78097988
8756607,2018,2018-12-11,3801,2018-10-10,0600,1518,BAYVI,3,5,7,3801,0,0,0,,0,0C5,"3RD ST","CARROLL AV",0.00,,Y,A,-,N,,,,,,,,,,N,3,0,1,2,A,-,08,22107,,F,B,C,A,A,H,-,C,A,0,,,Y,,Y,,-,,0,1,0,0,0,0,0,0,1,-,-,,,"SAN FRANCISCO","SAN FRANCISCO",-122.39435998,37.72549
8756605,2018,2018-12-11,3801,2018-10-11,1959,4124,INGLE,4,5,7,3801,0,0,0,,0,3H14D,"SAN JOSE AV","HIGHLAND AV OVERPASS",11.00,S,N,A,-,N,,,,,,,,,,Y,3,0,2,5,A,-,03,22350,,N,C,C,A,A,H,-,C,D,0,,,,,Y,,A,01,0,2,0,0,0,0,0,0,0,-,-,,,"SAN FRANCISCO","SAN FRANCISCO",,
8756604,2018,2018-12-28,3801,2018-10-14,1512,4026,MISSI,7,5,7,3801,0,0,0,,0,3D4C,"MISSION ST","MISSION ST 2337",0.00,,Y,A,-,N,,,,,,,,,,N,4,0,1,2,A,-,08,22107,,N,B,G,A,A,H,-,A,D,0,,Y,,,Y,,A,01,0,0,1,0,0,0,1,0,0,-,-,,,"SAN FRANCISCO","SAN FRANCISCO",,
8756603,2018,2019-02-01,3801,2018-10-02,1608,993,SOUTH,2,5,7,3801,0,0,0,,0,SECTOR,"MISSION ST","MISSION ST 833",0.00,,Y,A,-,N,,,,,,,,,,N,3,0,1,2,A,-,11,21954,A,N,G,B,E,A,H,-,A,D,0,Y,Y,,,Y,,N,60,0,1,0,0,1,0,0,0,0,-,-,,,"SAN FRANCISCO","SAN FRANCISCO",,
8756601,2018,2018-12-11,3801,2018-10-12,0556,1518,BAYVI,5,5,7,3801,0,0,0,,0,0C5,"CESAR CHAVEZ ST","CESAR CHAVEZ ST 2323",0.00,,Y,A,-,N,,,,,,,,,,N,3,0,2,2,A,-,17,21209,A,N,B,G,A,A,H,-,C,A,0,,Y,Y,,Y,,C,03,0,1,1,0,0,0,1,0,1,-,-,,,"SAN FRANCISCO","SAN FRANCISCO",,
8756600,2018,2018-12-11,3801,2018-10-13,1500,2724,TENDE,6,5,7,3801,0,0,0,,0,3J00,"STEINER ST","DUBOCE ST",20.00,N,N,A,-,N,,,,,,,,,,N,4,0,1,2,A,-,08,22107,,N,D,G,A,A,H,-,A,D,0,,Y,,,Y,,A,01,0,0,1,0,0,0,1,0,0,-,-,,,"SAN FRANCISCO","SAN FRANCISCO",-122.43159219,37.76937408
8756592,2018,2018-12-11,3801,2018-10-16,1114,1706,NORTH,2,5,7,3801,0,0,0,,0,3E14A,"FILLMORE ST","POST ST",0.00,,Y,A,-,N,,,,,,,,,,N,4,0,1,2,A,-,06,21755,A,N,E,C,A,A,H,-,A,A,0,,,Y,,Y,,C,02,0,0,1,0,0,0,0,0,1,-,-,,,"SAN FRANCISCO","SAN FRANCISCO",-122.43307997,37.78515994
8756588,2018,2018-12-11,3801,2018-10-16,1750,399,PARK,2,5,7,3801,0,0,0,,0,2BEAT,"MARS ST","CORBETT ST",10.00,W,N,A,-,N,,,,,,,,,,N,3,0,1,1,C,-,18,,,N,H,A,A,A,A,-,A,D,0,,,,,Y,,-,-,0,1,0,0,0,0,0,0,0,-,-,,,"SAN FRANCISCO","SAN FRANCISCO",-122.44435224,37.7605957
8756584,2018,2018-12-11,3801,2018-10-20,1000,326,MISSI,6,5,7,3801,0,0,0,,0,3D13A,"MISSION ST","19TH ST",197.00,S,N,A,-,N,,,,,,,,,,N,3,0,2,2,A,-,00,21650,A,N,B,C,A,A,H,-,A,D,0,,,Y,,Y,,C,03,0,2,0,0,0,0,0,0,2,-,-,,,"SAN FRANCISCO","SAN FRANCISCO",-122.41915781,37.75968107
8756205,2018,2018-12-13,3801,2018-10-26,1619,2099,SOUTH,5,5,7,3801,0,0,0,,0,3E46C,"MARKET ST","PAGE ST",0.00,,Y,A,-,N,,,,,,,,,,N,3,0,1,2,A,-,08,22107,,N,D,-,A,A,H,-,A,A,0,,Y,,,Y,,L,04,0,1,0,0,0,0,1,0,0,-,-,,,"SAN FRANCISCO","SAN FRANCISCO",-122.42026,37.77439999
8755602,2018,2019-01-19,3801,2018-11-17,2306,488,INGLE,6,5,7,3801,0,0,0,,0,3H16E,"MISSION ST","VALENCIA ST",0.00,,Y,A,-,N,,,,,,,,,,Y,3,0,1,2,A,-,09,21801,A,N,D,C,A,A,H,-,C,A,0,,,Y,,Y,,A,01,0,1,0,0,0,0,0,0,1,-,-,,,"SAN FRANCISCO","SAN FRANCISCO",-122.41986995,37.74558993
8755038,2018,2018-12-06,3801,2018-10-28,1122,4095,MISSI,7,5,7,3801,0,0,0,,0,004,"CESAR CHAVEZ ST","FOLSOM ST",7.00,E,N,A,-,N,,,,,,,,,,N,3,0,1,2,A,-,10,21950,A,N,G,B,B,A,H,-,A,A,0,Y,,,,Y,,A,01,0,1,0,0,1,0,0,0,0,-,-,,,"SAN FRANCISCO","SAN FRANCISCO",-122.41365578,37.74827
8755034,2018,2018-12-06,3801,2018-10-27,0523,222,BAYVI,6,5,7,3801,0,0,0,,0,3C67,"BAYSHORE BL","PAUL AV",66.00,N,N,A,-,N,,,,,,,,,,N,4,0,1,2,A,-,06,21750,,F,B,C,A,A,H,-,C,D,0,,,,,Y,,A,01,0,0,1,0,0,0,0,0,0,-,-,,,"SAN FRANCISCO","SAN FRANCISCO",-122.40086202,37.72378205
8755030,2018,2018-12-06,3801,2018-10-22,1741,2716,PARK,1,5,7,3801,0,0,0,,0,3F14D,"CASTRO ST","BEAVER ST",0.00,,Y,A,-,N,,,,,,,,,,N,2,0,1,2,A,-,09,21802,A,N,D,C,A,A,H,-,B,D,0,,,Y,,Y,,A,01,1,0,0,0,0,0,0,0,1,-,-,,,"SAN FRANCISCO","SAN FRANCISCO",-122.43540992,37.76498995
8755026,2018,2018-12-06,3801,2018-10-22,0642,532,RICHN,1,5,7,3801,0,0,0,,0,3G4A,"FULTON ST","43RD AV",0.00,,Y,A,-,N,,,,,,,,,,Y,4,0,1,2,A,-,09,21801,A,N,D,C,A,A,H,-,C,A,0,,,Y,,Y,,A,01,0,0,1,0,0,0,0,0,1,-,-,,,"SAN FRANCISCO","SAN FRANCISCO",-122.50345998,37.7716799
8755022,2018,2018-12-06,3801,2018-10-30,1636,2122,SOUTH,2,5,7,3801,0,0,0,,0,3B46,"MISSION ST","8TH ST",0.00,,Y,A,-,N,,,,,,,,,,N,4,0,1,2,A,-,-,,,N,B,G,A,A,H,-,A,A,0,,Y,,,Y,,L,04,0,0,1,0,0,0,1,0,0,-,-,,,"SAN FRANCISCO","SAN FRANCISCO",-122.41315999,37.77745997
8755018,2018,2018-12-06,3801,2018-10-31,0004,2287,NORTH,3,5,7,3801,0,0,0,,0,3E60,"LOMBARD ST","BUCHANAN ST",935.00,E,N,A,-,N,,,,,,,,,,Y,4,0,1,1,A,-,03,22350,,M,E,I,A,A,H,-,C,D,0,,,,,Y,,A,08,0,0,1,0,0,0,0,0,0,-,-,,,"SAN FRANCISCO","SAN FRANCISCO",-122.42956598,37.80067771
8755014,2018,2018-12-07,3801,2018-10-30,1529,2008,RICHM,2,5,7,3801,0,0,0,,0,3G13D,"9TH AV","MARTIN LUTHER KING JR DR",0.00,,Y,A,-,N,,,,,,,,,,N,4,0,1,2,A,-,09,21801,A,N,D,C,A,A,H,-,A,A,0,,,Y,,Y,,A,01,0,0,1,0,0,0,0,0,1,-,-,,,"SAN FRANCISCO","SAN FRANCISCO",-122.46643997,37.76637989
8755010,2018,2018-12-07,3801,2018-10-29,1956,182,BAYVI,1,5,7,3801,0,0,0,,0,3C60,"REVERE AV","LANE ST",0.00,,Y,A,-,N,,,,,,,,,,Y,4,0,1,2,B,-,22,,,F,D,C,A,A,H,-,C,A,0,,,,,Y,,A,01,0,0,1,0,0,0,0,0,0,-,-,,,"SAN FRANCISCO","SAN FRANCISCO",-122.39017994,37.73166998
8755006,2018,2018-12-28,3801,2018-10-29,1331,1145,SOUTH,1,5,7,3801,0,0,0,,0,3B48,"17TH ST","PENNSYLVANIA AV",12.00,W,N,A,-,N,,,,,,,,,,N,4,0,1,2,A,-,21,22106,,N,H,A,A,A,H,-,A,D,0,,Y,,,Y,,A,01,0,0,1,0,0,0,1,0,0,-,-,,,"SAN FRANCISCO","SAN FRANCISCO",-122.39395582,37.76523582
8755002,2018,2018-12-06,3801,2018-10-29,0945,576,TENDE,1,5,7,3801,0,0,0,,0,005,"ELLIS ST","LEAVENWORTH ST",40.00,W,N,A,-,N,,,,,,,,,,N,3,0,1,1,A,-,03,22350,,N,H,J,A,A,H,-,A,A,0,,Y,,,Y,,L,04,0,1,0,0,0,0,1,0,0,-,-,,,"SAN FRANCISCO","SAN FRANCISCO",-122.4145558,37.78464856
8754998,2018,2018-12-06,3801,2018-10-28,1400,2168,MISSI,7,5,7,3801,0,0,0,,0,3D41A,"MARKET ST","15TH ST",0.00,,Y,A,-,N,,,,,,,,,,N,4,0,3,2,A,-,03,22350,,N,C,C,A,A,H,-,A,D,0,,,,,Y,,A,01,0,0,3,0,0,0,0,0,0,-,-,,,"SAN FRANCISCO","SAN FRANCISCO",-122.4310099,37.76597991
8754994,2018,2018-12-06,3801,2018-10-28,0703,1933,BAYVI,7,5,7,3801,0,0,0,,0,3C1A,"CEASAR CHAVEZ","TENNESSEE ST",0.00,,Y,A,-,N,,,,,,,,,,Y,4,0,1,3,A,-,03,22350,,F,C,C,A,A,H,-,C,-,0,,,,,Y,Y,A,01,0,0,1,0,0,0,0,0,0,-,-,,,"SAN FRANCISCO","SAN FRANCISCO",-122.38847992,37.75016989
8754986,2018,2018-12-07,3801,2018-10-12,1230,385,NORTH,5,5,7,3801,0,0,0,,0,3E60,"WILLOW ST","LAGUNA ST",60.00,W,N,A,-,N,,,,,,,,,,N,4,0,1,2,A,-,04,21703,,F,C,E,A,A,H,-,A,D,0,,,,,Y,,A,01,0,0,1,0,0,0,0,0,0,-,-,,,"SAN FRANCISCO","SAN FRANCISCO",-122.42769494,37.78252333
8754982,2018,2018-12-07,3801,2018-10-19,1008,878,SOUTH,5,5,7,3801,0,0,0,,0,3B12A,"TOWNSEND ST","4TH ST",0.00,,Y,A,-,N,,,,,,,,,,N,3,0,1,2,A,-,06,21750,A,N,B,G,A,A,H,-,A,D,0,,Y,,,Y,,A,01,0,1,0,0,0,0,1,0,0,-,-,,,"SAN FRANCISCO","SAN FRANCISCO",-122.39498995,37.77710997
8754978,2018,2018-12-07,3801,2018-10-16,0835,2210,INGLE,2,5,7,3801,0,0,0,,0,3H13A,"ALEMANY BL","PUTNAM ST",0.00,,Y,A,-,N,,,,,,,,,,Y,4,0,2,2,A,-,09,21801,A,N,D,C,A,A,H,-,A,A,0,,,,,Y,,A,01,0,0,2,0,0,0,0,0,0,-,-,,,"SAN FRANCISCO","SAN FRANCISCO",-122.41083997,37.73482995
8754974,2018,2018-12-07,3801,2018-10-13,1604,4178,BAYVI,6,5,7,3801,0,0,0,,0,4B3A,"GIANTS DR","EGBERT AV",88.00,N,N,A,-,N,,,,,,,,,,N,3,0,1,2,A,-,11,21954,A,N,G,B,D,A,H,-,A,A,0,Y,,,,Y,,N,60,0,1,0,0,1,0,0,0,0,-,-,,,"SAN FRANCISCO","SAN FRANCISCO",,
8754970,2018,2018-12-17,3801,2018-10-24,1217,839,SOUTH,3,5,7,3801,0,0,0,,0,0B4,"MARKET ST","ELGIN PARK",0.00,,Y,A,-,N,,,,,,,,,,N,3,0,1,2,A,-,08,22107,,N,H,G,A,A,H,-,A,D,0,,Y,,,Y,,A,01,0,1,0,0,0,0,1,0,0,-,-,,,"SAN FRANCISCO","SAN FRANCISCO",-122.42380992,37.77159991
8754966,2018,2018-12-07,3801,2018-10-15,1530,182,BAYVI,1,5,7,3801,0,0,0,,0,3C60,"DOLORES ST","CLIPPER ST",0.00,,Y,F,-,N,,,,,,,,,,N,2,0,1,2,A,-,08,22107,,F,B,C,A,-,G,-,-,D,0,,,Y,,Y,,A,01,1,0,0,0,0,0,0,0,1,-,-,,,"SAN FRANCISCO","SAN FRANCISCO",-122.42499998,37.74943994