CASE_ID,ACCIDENT_YEAR,PROC_DATE,JURIS,COLLISION_DATE,COLLISION_TIME,OFFICER_ID,REPORTING_DISTRICT,DAY_OF_WEEK,CHP_SHIFT,POPULATION,CNTY_CITY_LOC,SPECIAL_COND,BEAT_TYPE,CHP_BEAT_TYPE,CITY_DIVISION_LAPD,CHP_BEAT_CLASS,BEAT_NUMBER,PRIMARY_RD,SECONDARY_RD,DISTANCE,DIRECTION,INTERSECTION,WEATHER_1,WEATHER_2,STATE_HWY_IND,CALTRANS_COUNTY,CALTRANS_DISTRICT,STATE_ROUTE,ROUTE_SUFFIX,POSTMILE_PREFIX,POSTMILE,LOCATION_TYPE,RAMP_INTERSECTION,SIDE_OF_HWY,TOW_AWAY,COLLISION_SEVERITY,NUMBER_KILLED,NUMBER_INJURED,PARTY_COUNT,PRIMARY_COLL_FACTOR,PCF_CODE_OF_VIOL,PCF_VIOL_CATEGORY,PCF_VIOLATION,PCF_VIOL_SUBSECTION,HIT_AND_RUN,TYPE_OF_COLLISION,MVIW,PED_ACTION,ROAD_SURFACE,ROAD_COND_1,ROAD_COND_2,LIGHTING,CONTROL_DEVICE,CHP_ROAD_TYPE,PEDESTRIAN_ACCIDENT,BICYCLE_ACCIDENT,MOTORCYCLE_ACCIDENT,TRUCK_ACCIDENT,NOT_PRIVATE_PROPERTY,ALCOHOL_INVOLVED,STWD_VEHTYPE_AT_FAULT,CHP_VEHTYPE_AT_FAULT,COUNT_SEVERE_INJ,COUNT_VISIBLE_INJ,COUNT_COMPLAINT_PAIN,COUNT_PED_KILLED,COUNT_PED_INJURED,COUNT_BICYCLIST_KILLED,COUNT_BICYCLIST_INJURED,COUNT_MC_KILLED,COUNT_MC_INJURED,PRIMARY_RAMP,SECONDARY_RAMP,LATITUDE,LONGITUDE,COUNTY,CITY,POINT_X,POINT_Y
8698100,2018,2018-10-05,3801,2018-08-17,0940,942,TARAV,5,5,7,3801,0,0,0,,0,3I13A,"UPPER GREAT HWY","LAWTON ST",321.00,S,N,A,-,N,,,,,,,,,,Y,4,0,1,1,A,-,03,22350,,N,F,A,A,A,H,-,A,A,0,,,,,Y,,A,01,0,0,1,0,0,0,0,0,0,-,-,,,"SAN FRANCISCO","SAN FRANCISCO",,
8698098,2018,2018-10-26,3801,2018-08-13,1241,1145,SOUTH,1,5,7,3801,0,0,0,,0,3B15C,"9TH ST","HOWARD ST",0.00,,Y,A,-,N,,,,,,,,,,Y,4,0,1,2,A,-,07,21658,A,N,B,C,A,A,H,-,A,A,0,,,Y,,Y,,A,01,0,0,1,0,0,0,0,0,1,-,-,,,"SAN FRANCISCO","SAN FRANCISCO",-122.41315998,37.77499992
8698096,2018,2018-10-05,3801,2018-08-16,1944,1046,CENTR,4,5,7,3801,0,0,0,,0,3A11D,"HYDE ST","HYDE ST 628",0.00,,-,A,-,N,,,,,,,,,,N,3,0,1,2,A,-,11,21954,A,N,G,B,D,A,-,-,A,A,0,Y,,,,Y,,N,60,0,1,0,0,1,0,0,0,0,-,-,,,"SAN FRANCISCO","SAN FRANCISCO",,
8698094,2018,2018-10-26,3801,2018-08-13,0815,2059,CENTR,1,5,7,3801,0,0,0,,0,3A48B,"MARKET ST","3RD ST",0.00,,Y,A,-,N,,,,,,,,,,N,4,0,1,1,A,-,-,,,N,H,G,A,A,H,-,A,A,0,,Y,,,Y,,L,04,0,0,1,0,0,0,1,0,0,-,-,,,"SAN FRANCISCO","SAN FRANCISCO",-122.40345987,37.78765989
8698092,2018,2018-10-05,3801,2018-08-16,1310,204,TENDE,4,5,7,3801,0,0,0,,0,3J53C,"MARKET ST","6TH ST",0.00,,Y,A,-,N,,,,,,,,,,Y,4,0,3,5,A,-,03,22350,,N,A,C,A,A,H,-,A,A,0,,Y,,,Y,,A,01,0,0,3,0,0,0,1,0,0,-,-,,,"SAN FRANCISCO","SAN FRANCISCO",-122.41029991,37.78223989
8698090,2018,2018-10-04,3801,2018-08-12,2306,2427,TARAV,7,5,7,3801,0,0,0,,0,3I11E,"LINCOLN WY","14TH AV",0.00,,Y,A,-,N,,,,,,,,,,,4,0,1,2,A,-,09,21802,A,N,D,C,A,A,H,-,C,A,0,,,,,Y,,A,01,0,0,1,0,0,0,0,0,0,-,-,,,"SAN FRANCISCO","SAN FRANCISCO",-122.47180999,37.7656899
8698088,2018,2018-10-05,3801,2018-08-15,1725,4020,RRAVA,3,5,7,3801,0,0,0,,0,3O13D,"43RD AV","JUDAH ST",201.00,S,N,A,-,N,,,,,,,,,,N,4,0,1,2,A,-,11,21954,A,N,G,B,E,A,H,-,A,D,0,Y,,,,Y,,N,60,0,0,1,0,1,0,0,0,0,-,-,,,"SAN FRANCISCO","SAN FRANCISCO",-122.50268204,37.76001866
8698086,2018,2018-10-04,3801,2018-08-12,1749,1006,3801,7,5,7,3801,0,0,0,,0,BAYVIE,"VAN DYKE AV","JENNINGS ST",30.00,W,N,A,-,N,,,,,,,,,,N,3,0,3,3,A,-,05,21650,,N,A,C,F,A,H,-,A,D,0,Y,,,,Y,,A,01,0,1,2,0,1,0,0,0,0,-,-,,,"SAN FRANCISCO","SAN FRANCISCO",-122.38876488,37.72708741
8698084,2018,2018-10-05,3801,2018-08-15,1602,302,,3,5,7,3801,0,0,0,,0,3E14D,BROADWAY,"PIERCE ST",0.00,,Y,A,-,N,,,,,,,,,,N,4,0,1,2,D,-,00,,,N,D,G,A,A,H,-,A,D,0,,Y,,,Y,,-,-,0,0,1,0,0,0,1,0,0,-,-,,,"SAN FRANCISCO","SAN FRANCISCO",-122.43819997,37.79385991
8698082,2018,2018-10-04,3801,2018-08-12,1430,1427,TENDE,7,5,7,3801,0,0,0,,0,03J,"MCALLISTER ST","CHARLES J BRENHAM",0.00,,Y,A,-,N,,,,,,,,,,N,4,0,1,2,A,-,00,22016,,F,G,B,B,A,H,-,A,A,0,Y,,,,Y,,A,01,0,0,1,0,1,0,0,0,0,-,-,,,"SAN FRANCISCO","SAN FRANCISCO",-122.41308999,37.78099993
8697920,2018,2018-10-02,3801,2018-08-23,1650,4175,TRAFF,4,5,7,3801,0,0,0,,0,B4CAR,"MISSION ST","10TH ST",0.00,,Y,A,-,N,,,,,,,,,,N,4,0,1,2,A,-,10,21950,A,N,G,B,B,A,H,-,A,A,0,Y,,,,Y,,A,01,0,0,1,0,1,0,0,0,0,-,-,,,"SAN FRANCISCO","SAN FRANCISCO",-122.41590991,37.77527999
8697919,2018,2018-10-02,3801,2018-08-31,1311,A22037,CENTR,5,5,7,3801,0,0,0,,0,0A5,"MARKET ST","MONTGOMERY ST",0.00,,Y,A,-,N,,,,,,,,,,N,2,0,1,2,A,-,10,21950,A,N,G,B,B,A,H,-,A,A,0,Y,,,,Y,,A,01,1,0,0,0,1,0,0,0,0,-,-,,,"SAN FRANCISCO","SAN FRANCISCO",-122.40198992,37.7887699
8697916,2018,2018-10-02,3801,2018-08-28,2117,4042,INGLE,2,5,7,3801,0,0,0,,0,0H4,"MONTEREY BL","RIDGEWOOD AV",0.00,,Y,A,-,N,,,,,,,,,,Y,4,0,1,2,A,-,12,22450,A,N,D,C,A,A,H,-,C,A,0,,,,,Y,Y,A,01,0,0,1,0,0,0,0,0,0,-,-,,,"SAN FRANCISCO","SAN FRANCISCO",-122.45339995,37.73151991
8697915,2018,2018-10-02,3801,2018-08-31,1752,1837,BAYVI,5,5,7,3801,0,0,0,,0,3C14D,"MANSELL ST","SOMERSET ST",0.00,,Y,A,-,N,,,,,,,,,,N,4,0,1,2,A,-,10,21950,A,F,G,B,B,A,H,-,A,B,0,Y,,,,Y,,A,01,0,0,1,0,1,0,0,0,0,-,-,,,"SAN FRANCISCO","SAN FRANCISCO",-122.40505997,37.72060995
8697912,2018,2018-10-02,3801,2018-08-29,1245,306,TENDE,3,5,7,3801,0,0,0,,0,3J11A,"MARKET ST","9TH ST",0.00,,Y,A,-,N,,,,,,,,,,N,2,0,1,2,A,-,06,21750,A,N,B,C,A,A,H,-,A,A,0,,,Y,,Y,,C,03,1,0,0,0,0,0,0,0,1,-,-,,,"SAN FRANCISCO","SAN FRANCISCO",-122.41632995,37.77749993
8697911,2018,2018-10-02,3801,2018-08-31,1256,1620,BAYVI,5,5,7,3801,0,0,0,,0,3C13A,"BARNEVELD AV","INDUSTRIAL AV",51.00,N,N,A,-,N,,,,,,,,,,N,4,0,1,2,A,-,00,24002,D,N,B,E,A,A,H,-,A,D,0,,,,Y,Y,,G,55,0,0,1,0,0,0,0,0,0,-,-,,,"SAN FRANCISCO","SAN FRANCISCO",-122.40432035,37.73888428
8697908,2018,2018-10-02,3801,2018-08-05,1645,2700,CENTR,7,5,7,3801,0,0,0,,0,3A12D,"CALIFORNIA ST","KEARNY ST",20.00,E,N,A,-,N,,,,,,,,,,N,3,0,1,2,A,-,04,21703,,N,C,C,A,A,H,-,A,A,0,,,Y,,Y,,C,02,0,1,0,0,0,0,0,0,1,-,-,,,"SAN FRANCISCO","SAN FRANCISCO",-122.40431179,37.79268941
8697907,2018,2018-11-08,3801,2018-08-31,1351,1925,BAYVI,5,5,7,3801,0,0,0,,0,3C15A,"VAN DYKE AV","LANE ST",28.00,E,N,A,-,N,,,,,,,,,,N,4,0,1,2,A,-,07,21658,A,N,B,E,A,A,H,-,A,A,0,,,,,Y,,A,01,0,0,1,0,0,0,0,0,0,-,-,,,"SAN FRANCISCO","SAN FRANCISCO",-122.39235092,37.7290956
8697904,2018,2018-10-02,3801,2018-08-03,0220,2158,CENTR,5,5,7,3801,0,0,0,,0,3A62,"KEARNY ST","POST ST",0.00,,Y,A,-,N,,,,,,,,,,Y,4,0,2,2,A,-,12,21453,A,F,D,C,A,A,H,-,C,A,0,,,,,Y,,A,01,0,0,2,0,0,0,0,0,0,-,-,,,"SAN FRANCISCO","SAN FRANCISCO",-122.40365998,37.78889993
8697903,2018,2018-10-02,3801,2018-08-31,1430,817,MISSI,5,5,7,3801,0,0,0,,0,3D11A,"CASTRO ST","18TH ST",0.00,,Y,A,-,N,,,,,,,,,,N,4,0,1,2,A,-,12,21453,A,N,G,B,D,A,H,-,A,A,0,Y,,,,Y,,N,60,0,0,1,0,1,0,0,0,0,-,-,,,"SAN FRANCISCO","SAN FRANCISCO",-122.43499999,37.76088992
8697900,2018,2018-10-02,3801,2018-08-08,1019,1198,BAYVI,3,5,7,3801,0,0,0,,0,,"BAYSHORE BL","BAYSHORE BL 355",0.00,,-,A,-,N,,,,,,,,,,Y,4,0,3,3,A,-,03,22350,,N,A,C,A,A,H,-,A,A,0,,,,,Y,,A,01,0,0,3,0,0,0,0,0,0,-,-,,,"SAN FRANCISCO","SAN FRANCISCO",,
8697899,2018,2018-10-02,3801,2018-08-31,1731,1347,MISSI,5,5,7,3801,0,0,0,,0,3D13D,"COLLINGWOOD ST","18TH ST",166.00,S,N,A,-,N,,,,,,,,,,N,4,0,1,3,A,-,15,26451,B,N,G,B,E,A,H,-,A,D,0,Y,,,,Y,,A,08,0,0,1,0,1,0,0,0,0,-,-,,,"SAN FRANCISCO","SAN FRANCISCO",-122.43606044,37.76036505
8697896,2018,2018-10-02,3801,2018-08-08,0005,627,MISSI,3,5,7,3801,0,0,0,,0,3D13E,"CAPP ST","20TH ST",0.00,,Y,A,-,N,,,,,,,,,,N,4,0,1,2,A,-,12,22450,A,F,D,C,A,A,H,-,C,-,0,,,,,Y,,A,01,0,0,1,0,0,0,0,0,0,-,-,,,"SAN FRANCISCO","SAN FRANCISCO",-122.41795995,37.75867992
8697895,2018,2018-10-02,3801,2018-08-29,1810,1799,TENDE,3,5,7,3801,0,0,0,,0,3J11D,"MARKET ST","6TH ST",0.00,W,N,A,-,N,,,,,,,,,,N,4,0,1,2,A,-,12,21453,A,N,B,G,A,A,G,-,A,A,0,,Y,,,Y,,L,04,0,0,1,0,0,0,1,0,0,-,-,,,"SAN FRANCISCO","SAN FRANCISCO",-122.41029991,37.78223989
8697891,2018,2018-10-02,3801,2018-08-26,0945,2356,NORTH,7,5,7,3801,0,0,0,,0,005,"RICHARDSON AV","LOMBARD ST",0.00,,Y,B,-,N,,,,,,,,,,Y,4,0,1,2,A,-,12,21453,A,N,A,C,A,A,H,-,A,A,0,,,,,Y,,A,01,0,0,1,0,0,0,0,0,0,-,-,,,"SAN FRANCISCO","SAN FRANCISCO",-122.4448799,37.79885998
8697888,2018,2018-10-02,3801,2018-08-11,1530,1332,INGLE,6,5,7,3801,0,0,0,,0,3H13C,"ALEMANY BL","CONGDON ST",0.00,,Y,A,-,N,,,,,,,,,,Y,4,0,4,3,A,-,08,22101,D,N,D,C,A,A,H,-,A,A,0,,,,,Y,,-,,0,0,4,0,0,0,0,0,0,-,-,,,"SAN FRANCISCO","SAN FRANCISCO",-122.42618988,37.73116994
8697887,2018,2018-10-02,3801,2018-08-28,1752,359,MISSI,2,5,7,3801,0,0,0,,0,3D14D,"S VAN NESS AV","24TH ST",0.00,,Y,A,-,N,,,,,,,,,,Y,2,0,1,2,A,-,09,21801,A,N,D,C,A,A,H,-,A,A,0,,,Y,,Y,,A,01,1,0,0,0,0,0,0,0,1,-,-,,,"SAN FRANCISCO","SAN FRANCISCO",-122.41627992,37.7523799
8697884,2018,2018-10-02,3801,2018-08-23,2035,4043,TARAV,4,5,7,3801,0,0,0,,0,3I16D,"MOUNT VERNON AV","LOUISBURG ST",0.00,,Y,A,-,N,,,,,,,,,,N,4,0,1,2,A,-,10,21950,A,N,G,B,B,A,H,-,C,A,0,Y,,,,Y,,A,01,0,0,1,0,1,0,0,0,0,-,-,,,"SAN FRANCISCO","SAN FRANCISCO",-122.45082996,37.71933993
8697883,2018,2018-10-15,3801,2018-08-29,0830,1059,CENTR,3,5,7,3801,0,0,0,,0,3A14B,"VALLEJO ST","BATTERY ST",10.00,S,N,A,-,N,,,,,,,,,,N,4,0,1,2,A,-,12,22450,A,M,G,B,B,A,H,-,A,A,0,Y,,,,Y,,N,60,0,0,1,0,1,0,0,0,0,-,-,,,"SAN FRANCISCO","SAN FRANCISCO",-122.40125417,37.79952559
8697880,2018,2018-10-02,3801,2018-08-23,2247,4067,NORTH,4,5,7,3801,0,0,0,,0,,"LOMBARD ST","RICHARDSON AV",90.00,W,N,A,-,N,,,,,,,,,,,4,0,2,2,A,-,08,22100,B,N,D,C,A,A,H,-,C,D,0,,,Y,,Y,,A,01,0,0,2,0,0,0,0,0,2,-,-,,,"SAN FRANCISCO","SAN FRANCISCO",-122.44513875,37.7987225
8697879,2018,2018-10-02,3801,2018-08-29,1315,866,MISSI,3,5,7,3801,0,0,0,,0,3D12C,"GUERRERO ST","ELIZABETH ST",0.00,,Y,A,-,N,,,,,,,,,,N,4,0,1,1,D,-,00,,,N,H,A,A,A,H,-,A,D,0,,,Y,,Y,,-,-,0,0,1,0,0,0,0,0,1,-,-,,,"SAN FRANCISCO","SAN FRANCISCO",-122.42294988,37.75277989
8697876,2018,2018-10-02,3801,2018-08-24,1004,2375,RICHM,5,5,7,3801,0,0,0,,0,3G60,"BUSH ST","BAKER ST",49.00,W,N,A,B,N,,,,,,,,,,,4,0,1,2,A,-,07,21658,A,N,C,C,A,A,H,-,A,D,0,,,,,Y,,A,07,0,0,1,0,0,0,0,0,0,-,-,,,"SAN FRANCISCO","SAN FRANCISCO",-122.44353747,37.78572869
8697875,2018,2018-10-02,3801,2018-08-28,1731,335,CENTR,2,5,7,3801,0,0,0,,0,3A11D,"PINE ST","JONES ST",0.00,,Y,A,-,N,,,,,,,,,,N,3,0,1,2,A,-,07,21658,A,N,B,C,A,A,H,-,A,A,0,,,Y,,Y,,C,03,0,1,0,0,0,0,0,0,1,-,-,,,"SAN FRANCISCO","SAN FRANCISCO",-122.41389991,37.79045991
8697872,2018,2018-10-03,3801,2018-08-24,1805,1331,SOUTH,5,5,7,3801,0,0,0,,0,3B15D,"BERRY ST","4TH ST",200.00,W,N,A,-,N,,,,,,,,,,N,4,0,1,3,A,-,17,22517,,N,-,G,A,A,H,-,A,A,0,,Y,,,Y,,-,,0,0,1,0,0,0,1,0,0,-,-,,,"SAN FRANCISCO","SAN FRANCISCO",-122.39382502,37.775388
8697871,2018,2018-10-02,3801,2018-08-29,1856,1190,TARAV,3,5,7,3801,0,0,0,,0,3I13D,"MORAGA ST","23RD AV",0.00,,Y,A,-,N,,,,,,,,,,N,4,0,1,2,A,-,12,22450,A,N,D,G,A,A,H,-,A,A,0,,Y,,,Y,,L,04,0,0,1,0,0,0,1,0,0,-,-,,,"SAN FRANCISCO","SAN FRANCISCO",-122.48090994,37.75589992
8697868,2018,2018-10-03,3801,2018-08-20,2123,2158,CENTR,1,5,7,3801,0,0,0,,0,3A11E,"GEARY ST","LARKIN ST",0.00,,Y,A,-,N,,,,,,,,,,N,3,0,1,2,A,-,11,21453,D,N,G,B,E,A,H,-,C,A,0,Y,,,,Y,,N,60,0,1,0,0,1,0,0,0,0,-,-,,,"SAN FRANCISCO","SAN FRANCISCO",-122.4181099,37.78610989
8697867,2018,2018-10-02,3801,2018-08-29,2242,1740,CENTR,3,5,7,3801,0,0,0,,0,3A14E,"FRONT ST","PACIFIC ST",0.00,,Y,A,-,N,,,,,,,,,,Y,4,0,1,3,A,-,01,23152,A,F,D,C,A,A,H,-,C,D,0,,,,,Y,Y,A,01,0,0,1,0,0,0,0,0,0,-,-,,,"SAN FRANCISCO","SAN FRANCISCO",-122.39964997,37.79782
8697864,2018,2018-10-03,3801,2018-08-21,2008,1331,SOUTH,2,5,7,3801,0,0,0,,0,3B90,"TERRY A FRANCOIS BL","MISSION ROCK ST",350.00,N,N,A,-,N,,,,,,,,,,N,4,0,1,2,D,-,00,,,N,G,B,E,A,H,-,C,A,0,Y,,,,Y,,-,-,0,0,1,0,1,0,0,0,0,-,-,,,"SAN FRANCISCO","SAN FRANCISCO",-122.38749394,37.77403429
8697863,2018,2018-10-02,3801,2018-08-28,1220,262,NORTH,2,5,7,3801,0,0,0,,0,3E11A,"WEBSTER ST","EDDY ST",67.00,N,N,A,-,N,,,,,,,,,,N,4,0,1,2,A,-,04,21703,,N,C,C,A,A,H,-,A,A,0,,,,,Y,,A,01,0,0,1,0,0,0,0,0,0,-,-,,,"SAN FRANCISCO","SAN FRANCISCO",-122.43070822,37.78180154
8697860,2018,2018-10-03,3801,2018-08-22,0735,1540,PARK,3,5,7,3801,0,0,0,,0,3F4A,"LINCOLN WY","KEZAR DR",4.00,E,N,B,-,N,,,,,,,,,,N,4,0,1,2,A,-,10,21950,A,N,D,G,A,A,H,-,B,A,0,,Y,,,Y,,A,01,0,0,1,0,0,0,1,0,0,-,-,,,"SAN FRANCISCO","SAN FRANCISCO",-122.46055686,37.76617654
8697859,2018,2018-10-02,3801,2018-08-09,0813,2059,CENTR,4,5,7,3801,0,0,0,,0,3A12A,"KEARNY ST","SACRAMENTO ST",0.00,,Y,A,-,N,,,,,,,,,,Y,4,0,1,3,A,-,12,21453,A,N,D,C,A,A,H,-,A,A,0,,,,,Y,,A,01,0,0,1,0,0,0,0,0,0,-,-,,,"SAN FRANCISCO","SAN FRANCISCO",-122.40459,37.79359996
8697856,2018,2018-10-03,3801,2018-08-22,1740,2452,RICHM,3,5,7,3801,0,0,0,,0,3G61,"FULTON ST","8TH AV",0.00,,Y,A,-,N,,,,,,,,,,Y,4,0,1,2,A,-,09,21801,A,N,D,C,A,A,H,-,A,A,0,,,,,Y,,A,01,0,0,1,0,0,0,0,0,0,-,-,,,"SAN FRANCISCO","SAN FRANCISCO",-122.46587996,37.77337996
8697852,2018,2018-10-03,3801,2018-08-23,2251,246,TARAV,4,5,7,3801,0,0,0,,0,TARAV5,"JOHN MUIR DR","LAKE MERCED",2112.00,N,N,A,-,N,,,,,,,,,,Y,2,0,2,2,A,-,01,23152,A,N,E,I,A,A,H,-,D,D,0,,,,,Y,Y,A,01,1,1,0,0,0,0,0,0,0,-,-,,,"SAN FRANCISCO","SAN FRANCISCO",-122.49002326,37.71253224
8697848,2018,2018-10-03,3801,2018-08-20,1025,1917,TARAV,1,5,7,3801,0,0,0,,0,3I16A,"BROTHERHOOD WY","LAKE MERCED BL",873.00,E,N,A,-,N,,,,,,,,,,Y,4,0,2,3,A,-,03,22350,,N,C,C,A,A,H,-,A,A,0,,,,,Y,,A,07,0,0,2,0,0,0,0,0,0,-,-,,,"SAN FRANCISCO","SAN FRANCISCO",-122.48231417,37.71453377
8697844,2018,2018-10-03,3801,2018-08-31,1929,195,3E16D,5,5,7,3801,0,0,0,,0,"N 6CAR","BROADWAY ST","VAN NESS AV",0.00,,Y,A,-,N,,,,,,,,,,Y,4,0,1,2,A,-,04,21703,,N,C,C,A,A,H,-,A,A,0,,,,,Y,,-,,0,0,1,0,0,0,0,0,0,-,-,,,"SAN FRANCISCO","SAN FRANCISCO",-122.42349988,37.79572993
8697499,2018,2018-09-27,3801,2018-08-08,2110,469,MISSI,3,5,7,3801,0,0,0,,0,3D7D,"CESAR CHAVEZ",ALABAMA,0.00,,Y,A,-,N,,,,,,,,,,Y,4,0,1,3,A,-,03,22350,,N,C,C,A,A,A,-,C,A,0,,,,,Y,,D,22,0,0,1,0,0,0,0,0,0,-,-,,,"SAN FRANCISCO","SAN FRANCISCO",-122.41053993,37.74832989
8697495,2018,2018-09-27,3801,2018-08-01,1519,2731,BAYVI,3,5,7,3801,0,0,0,,0,03C,"IGNALLS ST","REVERE AV",94.00,S,N,A,-,N,,,,,,,,,,,4,0,3,3,A,-,08,22107,,F,C,E,A,A,H,-,A,D,0,,,,Y,Y,,A,01,0,0,3,0,0,0,0,0,0,-,-,,,"SAN FRANCISCO","SAN FRANCISCO",,
8697487,2018,2018-10-03,3801,2018-08-15,1700,1329,SOUTH,3,5,7,3801,0,0,0,,0,0B2,"FOLSOM ST","FALMOUTH ST",0.00,,Y,A,-,N,,,,,,,,,,N,4,0,1,5,A,-,08,22107,,N,D,C,A,A,H,-,A,A,0,,,,,Y,,A,07,0,0,1,0,0,0,0,0,0,-,-,,,"SAN FRANCISCO","SAN FRANCISCO",-122.40442999,37.77945993
8697479,2018,2018-10-03,3801,2018-08-15,1608,364,3I,3,5,7,3801,0,0,0,,0,3I12D,"SUNSET BL","WAWONA ST",0.00,,Y,A,-,N,,,,,,,,,,Y,4,0,1,3,A,-,04,21703,,N,C,C,A,A,H,-,A,A,0,,,,,Y,,A,07,0,0,1,0,0,0,0,0,0,-,-,,,"SAN FRANCISCO","SAN FRANCISCO",-122.49412989,37.73662996
8697475,2018,2018-10-03,3801,2018-08-07,1421,1350,INGLE,2,5,7,3801,0,0,0,,0,3H15A,"GENEVA AV","DELANO AV",0.00,,Y,B,-,N,,,,,,,,,,N,3,0,1,2,A,-,05,21651,,N,D,J,A,A,D,-,A,D,0,,,,,Y,,-,,0,1,0,0,0,0,0,0,0,-,-,,,"SAN FRANCISCO","SAN FRANCISCO",-122.44512999,37.72009995
8697455,2018,2019-01-15,3801,2018-08-21,1226,2174,TENDE,2,5,7,3801,0,0,0,,0,003,"LARKIN ST","GOLDEN GATE AV",0.00,,Y,B,-,N,,,,,,,,,,N,4,0,1,2,A,-,11,21955,,N,G,B,D,A,H,-,A,A,0,Y,,,,Y,,N,60,0,0,1,0,1,0,0,0,0,-,-,,,"SAN FRANCISCO","SAN FRANCISCO",-122.41714999,37.78144
8697298,2018,2018-10-05,3801,2018-08-28,1508,1100,TENDR,2,5,7,3801,0,0,0,,0,3J15D,"ELLIS ST","LEAVENWORTH ST",170.00,E,N,A,-,N,,,,,,,,,,N,4,0,1,2,A,-,21,22106,,N,C,E,A,A,H,-,A,D,0,,,,,Y,,E,22,0,0,1,0,0,0,0,0,0,-,-,,,"SAN FRANCISCO","SAN FRANCISCO",-122.41384054,37.78475127
8696079,2018,2018-10-23,3801,2018-07-21,1320,933,,6,5,7,3801,0,0,0,,0,3C15A,"BAYSHORE BL","HESTER AV",0.00,,Y,A,-,Y,SF,4,101,-,-,0.844,R,2,S,Y,4,0,1,2,A,-,16,24002,A,N,E,I,A,D,G,-,A,D,0,,,,,Y,,I,10,0,0,1,0,0,0,0,0,0,-,-,,,"SAN FRANCISCO","SAN FRANCISCO",-122.39992279,37.71975209
8696004,2018,2018-09-18,3801,2018-07-28,0222,2733,,6,5,7,3801,0,0,0,,0,0B1,"BRYANT ST","2ND ST",39.00,W,N,-,-,N,,,,,,,,,,N,4,0,2,2,A,-,01,23153,A,N,C,C,A,A,H,-,C,D,0,,,,,Y,Y,A,01,0,0,2,0,0,0,0,0,0,-,-,,,"SAN FRANCISCO","SAN FRANCISCO",-122.39372557,37.78300434
8694051,2018,2018-09-10,3801,2018-07-08,1720,1398,NORTH,7,5,7,3801,0,0,0,,0,3E41B,"LAGUNA ST","HAYES ST",6.00,,N,A,-,N,,,,,,,,,,N,4,0,1,2,A,-,10,21950,A,N,G,B,B,A,A,-,A,D,0,Y,,,,Y,,A,01,0,0,1,0,1,0,0,0,0,-,-,37.77623,-122.42605,"SAN FRANCISCO","SAN FRANCISCO",-122.42625987,37.77646996
8693984,2018,2018-09-17,3801,2018-07-01,0409,2733,SOUTH,7,5,7,3801,0,0,0,,0,3B1E,"FOLSOM ST","HAWTHORNE ST",0.00,,-,A,-,N,,,,,,,,,,N,4,0,1,2,A,-,12,21453,A,N,D,C,A,A,-,-,C,A,0,,,,,Y,,-,-,0,0,1,0,0,0,0,0,0,-,-,,,"SAN FRANCISCO","SAN FRANCISCO",-122.39782993,37.78467992
8693980,2018,2018-09-10,3801,2018-07-11,1030,1572,SOUTH,3,5,7,3801,0,0,0,,0,3B1A,"MAIN ST","MISSION ST",0.00,,-,A,-,N,,,,,,,,,,N,3,0,1,2,A,-,17,22517,,N,B,G,A,A,H,-,A,A,0,,Y,,,Y,,-,,0,1,0,0,0,0,1,0,0,-,-,,,"SAN FRANCISCO","SAN FRANCISCO",-122.39496995,37.79185995
8693976,2018,2018-09-17,3801,2018-07-13,1420,2376,SOUTH,5,5,7,3801,0,0,0,,0,3B5A,"17TH ST","DE HARO ST",0.00,,Y,A,-,N,,,,,,,,,,Y,3,0,2,3,A,-,03,22350,,N,C,C,A,A,H,-,A,A,0,,,Y,,Y,,A,01,0,1,1,0,0,0,0,0,1,-,-,,,"SAN FRANCISCO","SAN FRANCISCO",-122.40156999,37.76483993
8693972,2018,2018-09-10,3801,2018-07-27,1725,890,BAYVI,5,5,7,3801,0,0,0,,0,3C2,"EVANS AV","PHELPS ST",0.00,,Y,A,-,N,,,,,,,,,,Y,4,0,3,2,A,-,12,21453,A,N,D,C,A,A,H,-,A,A,0,,,Y,,Y,,C,06,0,0,3,0,0,0,0,0,2,-,-,,,"SAN FRANCISCO","SAN FRANCISCO",-122.38844994,37.74297992
8693968,2018,2018-09-10,3801,2018-07-10,0751,4005,PARK,2,5,7,3801,0,0,0,,0,3F13A,"ANZA ST","STANYAN ST",0.00,,Y,A,-,N,,,,,,,,,,Y,4,0,4,3,A,-,12,21453,A,N,C,C,A,A,H,-,A,A,0,,,,,Y,,A,07,0,0,4,0,0,0,0,0,0,-,-,,,"SAN FRANCISCO","SAN FRANCISCO",-122.45584994,37.77994998
8693964,2018,2018-09-10,3801,2018-07-08,0512,2419,RICHM,7,5,7,3801,0,0,0,,0,0G4,"CABRILLO ST","24TH AV",0.00,,Y,B,-,N,,,,,,,,,,Y,4,0,1,3,A,-,03,22350,,N,F,E,A,A,H,-,B,A,0,,,,,Y,,A,01,0,0,1,0,0,0,0,0,0,-,-,,,"SAN FRANCISCO","SAN FRANCISCO",-122.48323998,37.7744899
8693348,2018,2018-09-26,3801,2018-07-01,1303,719,CENTR,7,5,7,3801,0,0,0,,0,2CAR,"BUSH ST","POWELL ST",0.00,,Y,A,-,N,,,,,,,,,,N,4,0,1,5,A,-,03,22350,A,N,C,E,B,A,H,-,A,A,0,Y,,,,Y,,-,,0,0,1,0,1,0,0,0,0,-,-,,,"SAN FRANCISCO","SAN FRANCISCO",-122.40878999,37.79016996