CASE_ID,ACCIDENT_YEAR,PROC_DATE,JURIS,COLLISION_DATE,COLLISION_TIME,OFFICER_ID,REPORTING_DISTRICT,DAY_OF_WEEK,CHP_SHIFT,POPULATION,CNTY_CITY_LOC,SPECIAL_COND,BEAT_TYPE,CHP_BEAT_TYPE,CITY_DIVISION_LAPD,CHP_BEAT_CLASS,BEAT_NUMBER,PRIMARY_RD,SECONDARY_RD,DISTANCE,DIRECTION,INTERSECTION,WEATHER_1,WEATHER_2,STATE_HWY_IND,CALTRANS_COUNTY,CALTRANS_DISTRICT,STATE_ROUTE,ROUTE_SUFFIX,POSTMILE_PREFIX,POSTMILE,LOCATION_TYPE,RAMP_INTERSECTION,SIDE_OF_HWY,TOW_AWAY,COLLISION_SEVERITY,NUMBER_KILLED,NUMBER_INJURED,PARTY_COUNT,PRIMARY_COLL_FACTOR,PCF_CODE_OF_VIOL,PCF_VIOL_CATEGORY,PCF_VIOLATION,PCF_VIOL_SUBSECTION,HIT_AND_RUN,TYPE_OF_COLLISION,MVIW,PED_ACTION,ROAD_SURFACE,ROAD_COND_1,ROAD_COND_2,LIGHTING,CONTROL_DEVICE,CHP_ROAD_TYPE,PEDESTRIAN_ACCIDENT,BICYCLE_ACCIDENT,MOTORCYCLE_ACCIDENT,TRUCK_ACCIDENT,NOT_PRIVATE_PROPERTY,ALCOHOL_INVOLVED,STWD_VEHTYPE_AT_FAULT,CHP_VEHTYPE_AT_FAULT,COUNT_SEVERE_INJ,COUNT_VISIBLE_INJ,COUNT_COMPLAINT_PAIN,COUNT_PED_KILLED,COUNT_PED_INJURED,COUNT_BICYCLIST_KILLED,COUNT_BICYCLIST_INJURED,COUNT_MC_KILLED,COUNT_MC_INJURED,PRIMARY_RAMP,SECONDARY_RAMP,LATITUDE,LONGITUDE,COUNTY,CITY,POINT_X,POINT_Y
8685856,2018,2018-08-30,3801,2018-07-23,2020,546,CENTR,1,5,7,3801,0,0,0,,0,4B4H,"BAY ST","POLK ST",0.00,,Y,A,-,N,,,,,,,,,,Y,3,0,1,2,A,-,01,23153,A,N,G,B,B,A,H,-,C,A,0,Y,,,,Y,Y,A,01,0,1,0,0,1,0,0,0,0,-,-,,,"SAN FRANCISCO","SAN FRANCISCO",-122.4234499,37.80435995
8685854,2018,2018-08-29,3801,2018-07-03,1633,1122,SOUTH,2,5,7,3801,0,0,0,,0,3B11C,"MISSION ST","MARY ST",0.00,,Y,A,-,N,,,,,,,,,,Y,3,0,1,2,A,-,09,21804,A,F,A,C,A,A,H,-,A,D,0,,,,,Y,,A,01,0,1,0,0,0,0,0,0,0,-,-,,,"SAN FRANCISCO","SAN FRANCISCO",-122.4072399,37.78213995
8685853,2018,2018-09-06,3801,2018-07-21,2301,2091,NORTH,6,5,7,3801,0,0,0,,0,3E13E,"VAN NESS AV","BAY ST",0.00,,Y,A,-,N,,,,,,,,,,N,4,0,1,2,A,-,11,21453,D,N,G,B,D,A,H,-,C,A,0,Y,,,,Y,,N,60,0,0,1,0,1,0,0,0,0,-,-,,,"SAN FRANCISCO","SAN FRANCISCO",-122.42514999,37.80412993
8685852,2018,2018-08-30,3801,2018-07-07,0107,993,SOUTH,6,5,7,3801,0,0,0,,0,0B3,"MISSION ST","7TH ST",0.00,,-,A,-,N,,,,,,,,,,N,3,0,1,2,A,-,00,20001,A,F,B,E,A,A,H,-,C,D,0,,,,,Y,,-,,0,1,0,0,0,0,0,0,0,-,-,,,"SAN FRANCISCO","SAN FRANCISCO",-122.41089991,37.7792099
8685851,2018,2018-08-29,3801,2018-07-08,0031,4102,,7,5,7,3801,0,0,0,,0,3H15E,"ALEMANY BL","LAWRENCE AV",33.00,N,N,A,-,N,,,,,,,,,,Y,3,0,1,2,A,-,03,22350,,N,B,E,A,A,H,-,C,D,0,,,,,Y,,A,01,0,1,0,0,0,0,0,0,0,-,-,,,"SAN FRANCISCO","SAN FRANCISCO",-122.45310067,37.71132642
8685850,2018,2018-08-29,3801,2018-07-03,1021,1024,INGLE,2,5,7,3801,0,0,0,,0,3H14A,"OCEAN AV","ONONDAGA AV",0.00,,Y,A,-,N,,,,,,,,,,,4,0,1,2,A,-,09,21801,A,N,D,C,A,A,H,-,A,D,0,,,,,Y,,A,01,0,0,1,0,0,0,0,0,0,-,-,,,"SAN FRANCISCO","SAN FRANCISCO",-122.44253995,37.72316991
8685849,2018,2018-10-11,3801,2018-07-12,1508,279,PARK,4,5,7,3801,0,0,0,,0,3F13A,"JUDAH ST","6TH AV",20.00,E,N,A,-,N,,,,,,,,,,N,4,0,1,3,A,-,03,22350,,N,C,C,A,A,H,-,A,D,0,,,,,Y,,A,01,0,0,1,0,0,0,0,0,0,-,-,,,"SAN FRANCISCO","SAN FRANCISCO",-122.46290091,37.76234314
8685848,2018,2018-08-30,3801,2018-07-22,1205,933,BAYVI,7,5,7,3801,0,0,0,,0,3C11A,"BAYSHORE BL","HELENA ST",0.00,,-,A,-,N,,,,,,,,,,N,3,0,1,2,A,-,08,22107,,N,B,G,A,A,H,-,A,D,0,,Y,,,Y,,A,01,0,1,0,0,0,0,1,0,0,-,-,,,"SAN FRANCISCO","SAN FRANCISCO",-122.40675998,37.73634992
8685846,2018,2018-08-30,3801,2018-07-02,1520,A09968,PARK,1,5,7,3801,0,0,0,,0,3F62,"KEZAR DR","MARTIN LUTHER KING JR DR",27.00,E,N,A,-,N,,,,,,,,,,N,4,0,1,2,A,-,11,21950,B,N,G,B,D,A,H,-,A,A,0,Y,,,,Y,,N,60,0,0,1,0,1,0,0,0,0,-,-,,,"SAN FRANCISCO","SAN FRANCISCO",-122.45859385,37.76721872
8685845,2018,2018-09-06,3801,2018-07-12,1230,2728,MISIS,4,5,7,3801,0,0,0,,0,3D16A,"POTRERO AV","22ND ST",0.00,,Y,A,-,N,,,,,,,,,,Y,4,0,1,2,A,-,09,21801,A,N,D,C,A,A,H,-,A,A,0,,,,,Y,,A,01,0,0,1,0,0,0,0,0,0,-,-,,,"SAN FRANCISCO","SAN FRANCISCO",-122.40669999,37.75683998
8685844,2018,2018-08-30,3801,2018-07-15,1921,1033,MISIS,7,5,7,3801,0,0,0,,0,3D14E,"16TH ST","CAPP ST",0.00,,Y,A,-,N,,,,,,,,,,N,4,0,1,2,A,-,08,22107,,F,B,G,A,A,H,-,A,A,0,,Y,,,Y,,A,01,0,0,1,0,0,0,1,0,0,-,-,,,"SAN FRANCISCO","SAN FRANCISCO",-122.4186999,37.76509989
8685843,2018,2018-10-25,3801,2018-07-04,0822,2412,SOUTH,3,5,7,3801,0,0,0,,0,3B2A,"RT 101","MARKET ST",0.00,,Y,A,-,Y,SF,4,101,-,M,5.440,H,-,N,N,4,0,1,2,A,-,04,21703,,N,C,C,A,A,H,-,A,A,0,,,,,Y,,A,07,0,0,1,0,0,0,0,0,0,NF,-,,,"SAN FRANCISCO","SAN FRANCISCO",-122.42323779,37.77174943
8685842,2018,2018-08-30,3801,2018-07-16,1145,2456,COF,1,5,7,3801,0,0,0,,0,3F4A,"MASONIC AV","MCALLISTER ST",96.00,S,N,A,-,N,,,,,,,,,,Y,3,0,1,2,A,-,04,21703,,N,C,C,A,A,H,-,A,A,0,,,,,Y,,A,01,0,1,0,0,0,0,0,0,0,-,-,,,"SAN FRANCISCO","SAN FRANCISCO",-122.44659955,37.77648933
8685841,2018,2018-09-06,3801,2018-07-12,1051,432,MISSI,4,5,7,3801,0,0,0,,0,3D11A,"GUERRERO ST","15TH ST",0.00,,Y,A,-,N,,,,,,,,,,N,4,0,1,2,A,-,07,21658,A,N,B,G,A,A,H,-,A,A,0,,Y,,,Y,,A,01,0,0,1,0,0,0,1,0,0,-,-,,,"SAN FRANCISCO","SAN FRANCISCO",-122.42423995,37.76639994
8685835,2018,2018-08-30,3801,2018-06-19,1400,4084,MISSI,2,5,7,3801,0,0,0,,0,4B4B,"15TH ST","VALENCIA ST",8.00,W,N,A,-,N,,,,,,,,,,N,4,0,1,2,B,-,22,,,N,D,B,B,A,H,-,A,A,0,Y,,,,Y,,-,,0,0,1,0,1,0,0,0,0,-,-,,,"SAN FRANCISCO","SAN FRANCISCO",-122.42205759,37.76652821
8685831,2018,2018-08-30,3801,2018-06-24,0149,483,MISSI,7,5,7,3801,0,0,0,,0,3D15E,"LEXINGTON ST","SYCAMORE ST",0.00,,Y,A,-,N,,,,,,,,,,,3,0,1,2,A,-,10,21950,A,F,G,B,D,A,-,-,C,D,0,Y,,,,Y,Y,N,60,0,1,0,0,1,0,0,0,0,-,-,,,"SAN FRANCISCO","SAN FRANCISCO",-122.42086999,37.76261998
8685827,2018,2018-08-30,3801,2018-06-26,1326,2704,PARK,2,5,7,3801,0,0,0,,0,"3 CAR","OAK ST","STANYAN ST",15.00,E,N,A,-,N,,,,,,,,,,N,4,0,1,2,A,-,09,21804,,N,D,G,A,A,H,-,A,A,0,,Y,,,Y,,L,04,0,0,1,0,0,0,1,0,0,-,-,,,"SAN FRANCISCO","SAN FRANCISCO",-122.45391404,37.77136915
8685823,2018,2018-08-30,3801,2018-06-27,0920,2211,NORTH,3,5,7,3801,0,0,0,,0,3E15A,"FRANKLIN ST","PINE ST",0.00,,Y,B,-,N,,,,,,,,,,N,3,0,1,2,A,-,06,21750,A,N,A,C,A,A,H,-,A,A,0,,,Y,,Y,,C,03,0,1,0,0,0,0,0,0,1,-,-,,,"SAN FRANCISCO","SAN FRANCISCO",-122.42377994,37.78920995
8685796,2018,2018-10-10,3801,2018-06-19,2137,1514,,2,5,7,3801,0,0,0,,0,004,"25TH ST","VALENCIA ST",20.00,E,N,A,-,N,,,,,,,,,,Y,4,0,1,2,A,-,01,23152,A,M,-,E,A,A,H,-,C,D,0,,,,,Y,Y,A,01,0,0,1,0,0,0,0,0,0,-,-,,,"SAN FRANCISCO","SAN FRANCISCO",-122.42043109,37.75051501
8685772,2018,2018-08-30,3801,2018-06-01,1336,2365,NORTH,5,5,7,3801,0,0,0,,0,3CAR,"FRANKLIN ST","MCALLISTER ST",36.00,S,N,A,-,N,,,,,,,,,,Y,4,0,1,2,A,-,04,21703,,N,B,C,A,A,H,-,A,A,0,,,,,Y,,A,01,0,0,1,0,0,0,0,0,0,-,-,,,"SAN FRANCISCO","SAN FRANCISCO",-122.42187174,37.77978217
8685768,2018,2018-08-30,3801,2018-06-16,2321,93,NORTH,6,5,7,3801,0,0,0,,0,3E15E,"VAN NESS AV","UNION ST",10.00,S,N,A,-,N,,,,,,,,,,N,4,0,1,2,A,-,11,21954,A,N,A,B,-,A,H,-,C,A,0,Y,,,,Y,Y,N,60,0,0,1,0,1,0,0,0,0,-,-,,,"SAN FRANCISCO","SAN FRANCISCO",-122.42405475,37.79851285
8685749,2018,2018-08-31,3801,2018-06-07,1400,211,SOUTH,4,5,7,3801,0,0,0,,0,001,"MISSION ST","MAIN ST",130.00,E,N,A,-,N,,,,,,,,,,N,4,0,1,2,A,-,03,22350,,N,-,G,A,A,H,-,A,D,0,,Y,,,Y,,L,04,0,0,1,0,0,0,1,0,0,-,-,,,"SAN FRANCISCO","SAN FRANCISCO",-122.39464758,37.79210915
8685737,2018,2018-09-04,3801,2018-07-11,0936,299,CENTR,3,5,7,3801,0,0,0,,0,3A11A,"MASON ST","SACRAMENTO ST",0.00,,Y,A,-,N,,,,,,,,,,N,4,0,1,2,A,-,10,21950,A,N,G,B,B,A,H,-,A,A,0,Y,,,,Y,,D,22,0,0,1,0,1,0,0,0,0,-,-,,,"SAN FRANCISCO","SAN FRANCISCO",-122.41098991,37.7927599
8685734,2018,2018-09-04,3801,2018-07-16,0930,1102,PARK,1,5,7,3801,0,0,0,,0,0F3,"GOLDEN GATE AV","ANNAPOLIS TER",70.00,W,N,A,-,N,,,,,,,,,,N,3,0,1,2,A,-,06,21755,A,N,B,G,A,A,H,-,A,D,0,,Y,,,Y,,L,04,0,1,0,0,0,0,1,0,0,-,-,,,"SAN FRANCISCO","SAN FRANCISCO",-122.44803907,37.77751882
8685730,2018,2018-08-31,3801,2018-07-12,1114,329,INGLE,4,5,7,3801,0,0,0,,0,3H15A,"SAN JOSE AV","29TH ST",0.00,,Y,A,-,N,,,,,,,,,,N,4,0,1,2,A,-,12,22450,A,N,D,C,A,A,H,-,A,A,0,,,,,Y,,A,01,0,0,1,0,0,0,0,0,0,-,-,,,"SAN FRANCISCO","SAN FRANCISCO",-122.42275,37.7439299
8685726,2018,2018-09-04,3801,2018-07-24,1745,2095,MISSI,2,5,7,3801,0,0,0,,0,901,"VALENCIA ST","BROSNAN ST",22.00,N,N,A,-,N,,,,,,,,,,N,3,0,1,2,A,-,08,22107,,N,D,G,A,A,H,-,A,D,0,,Y,,,Y,,D,22,0,1,0,0,0,0,1,0,0,-,-,,,"SAN FRANCISCO","SAN FRANCISCO",-122.42225708,37.76883018
8685721,2018,2018-09-17,3801,2018-07-25,0811,4239,PARK,3,5,7,3801,0,0,0,,0,3F13A,"MASONIC AV","HAIGHT ST",18.00,S,N,B,-,N,,,,,,,,,,N,4,0,2,2,A,-,03,22350,,N,C,C,A,A,H,-,A,A,0,,,,,Y,,I,19,0,0,2,0,0,0,0,0,0,-,-,,,"SAN FRANCISCO","SAN FRANCISCO",-122.44533787,37.7701615
8685714,2018,2018-10-04,3801,2018-07-17,2048,260,,2,5,7,3801,0,0,0,,0,3B12D,"MISSION ST","MISSION ST 800 BLK",0.00,,-,A,-,N,,,,,,,,,,N,4,0,1,3,A,-,03,22350,,N,C,C,A,A,H,-,C,A,0,,,,,Y,,A,01,0,0,1,0,0,0,0,0,0,-,-,,,"SAN FRANCISCO","SAN FRANCISCO",,
8685710,2018,2018-09-04,3801,2018-07-31,1331,2132,MISSI,2,5,7,3801,0,0,0,,0,3D62,"S VAN NESS AV","13TH ST",0.00,,Y,A,-,N,,,,,,,,,,,4,0,2,2,A,-,09,21801,A,N,A,C,A,A,H,-,A,A,0,,,,,Y,,A,07,0,0,2,0,0,0,0,0,0,-,-,,,"SAN FRANCISCO","SAN FRANCISCO",-122.41776996,37.76971998
8685706,2018,2018-09-04,3801,2018-07-29,1845,412,SOUTH,7,5,7,3801,0,0,0,,0,3B12D,"11TH ST","HARRISON ST",90.00,N,N,A,-,N,,,,,,,,,,N,4,0,1,3,A,-,08,22107,,M,B,G,A,A,H,-,A,D,0,,Y,,,Y,,A,01,0,0,1,0,0,0,1,0,0,-,-,,,"SAN FRANCISCO","SAN FRANCISCO",-122.41268777,37.77080677
8685694,2018,2018-10-04,3801,2018-07-24,1254,2059,,2,5,7,3801,0,0,0,,0,3A15A,"BUSH ST","BATTERY ST",0.00,,Y,A,-,N,,,,,,,,,,Y,4,0,1,2,A,-,06,21750,A,N,B,C,A,A,H,-,A,A,0,,,,Y,Y,,A,01,0,0,1,0,0,0,0,0,0,-,-,,,"SAN FRANCISCO","SAN FRANCISCO",-122.39959986,37.79134988
8685686,2018,2018-08-30,3801,2018-07-06,1554,2377,TENDE,5,5,7,3801,0,0,0,,0,3J11D,"MARKET ST","8TH ST",250.00,E,N,A,-,N,,,,,,,,,,Y,4,0,5,2,A,-,08,22107,,N,B,F,A,A,H,-,A,A,0,,,,Y,Y,,F,27,0,0,5,0,0,0,0,0,0,-,-,,,"SAN FRANCISCO","SAN FRANCISCO",-122.41414058,37.77918954
8685682,2018,2018-09-18,3801,2018-07-12,1926,1023,INGLE,4,5,7,3801,0,0,0,,0,3H15D,"SAN JOSE AV","30TH ST",0.00,,Y,A,-,N,,,,,,,,,,N,2,0,1,2,A,-,21,22106,,N,C,C,A,A,H,-,A,A,0,,,,Y,Y,,A,01,1,0,0,0,0,0,0,0,0,-,-,,,"SAN FRANCISCO","SAN FRANCISCO",-122.42328998,37.7422799
8684238,2018,2018-09-05,3801,2018-07-13,2345,615,MISSI,5,5,7,3801,0,0,0,,0,3D11D,"VALENCIA ST","17TH ST",0.00,,Y,A,-,N,,,,,,,,,,N,3,0,1,2,A,-,06,21750,A,F,B,G,A,A,H,-,C,A,0,,Y,,,Y,Y,-,,0,1,0,0,0,0,1,0,0,-,-,,,"SAN FRANCISCO","SAN FRANCISCO",-122.42173997,37.76329993
8683895,2018,2018-08-30,3801,2018-07-21,2146,4067,NORTH,6,5,7,3801,0,0,0,,0,3E16D,"PACIFIC ST","GOUGH ST",0.00,,Y,A,-,N,,,,,,,,,,Y,4,0,1,2,A,-,00,21801,D,N,G,B,B,A,H,-,C,A,0,Y,,,,Y,,A,07,0,0,1,0,1,0,0,0,0,-,-,,,"SAN FRANCISCO","SAN FRANCISCO",-122.42649994,37.79438994
8683871,2018,2018-08-30,3801,2018-07-15,2311,2025,INGLE,7,5,7,3801,0,0,0,,0,3H5E,"ALEMANY BL","MOUNT VERNON AV",32.00,N,N,A,-,N,,,,,,,,,,N,4,0,1,2,A,-,12,21453,A,N,B,C,A,A,H,-,C,A,0,,,,,Y,,A,01,0,0,1,0,0,0,0,0,0,-,-,,,"SAN FRANCISCO","SAN FRANCISCO",-122.44452185,37.71616224
8683852,2018,2018-08-30,3801,2018-07-03,1538,4084,SOUTH,2,5,7,3801,0,0,0,,0,4B4B,"BRYANT ST","6TH ST",0.00,,Y,A,-,N,,,,,,,,,,Y,4,0,2,2,A,-,12,21453,A,N,D,C,A,A,H,-,A,A,0,,,,,Y,,A,01,0,0,2,0,0,0,0,0,0,-,-,,,"SAN FRANCISCO","SAN FRANCISCO",-122.40249989,37.77605996
8683837,2018,2018-09-19,3801,2018-07-07,2000,938,TENDE,6,5,7,3801,0,0,0,,0,3J11E,"6TH ST","STEVENSON ST",0.00,,Y,A,-,N,,,,,,,,,,N,4,0,1,2,A,-,08,22107,,N,B,C,A,A,H,-,C,D,0,,,,,Y,,A,01,0,0,1,0,0,0,0,0,0,-,-,,,"SAN FRANCISCO","SAN FRANCISCO",-122.40966991,37.78176991
8683833,2018,2018-09-05,3801,2018-07-09,0031,937,TENDE,1,5,7,3801,0,0,0,,0,3J13E,"TURK ST","LARKIN ST",0.00,,Y,A,-,N,,,,,,,,,,Y,4,0,1,2,A,-,12,21453,A,N,D,C,A,A,H,-,C,A,0,,,,,Y,,A,01,0,0,1,0,0,0,0,0,0,-,-,,,"SAN FRANCISCO","SAN FRANCISCO",-122.41733986,37.78237998
8683829,2018,2018-09-05,3801,2018-07-09,1245,642,SOUTH,1,5,7,3801,0,0,0,,0,003,"6TH ST","HOWARD ST",0.00,,Y,A,-,N,,,,,,,,,,N,4,0,1,2,A,-,06,21755,A,F,B,G,A,A,H,-,A,A,0,,Y,,,Y,,L,04,0,0,1,0,0,0,1,0,0,-,-,,,"SAN FRANCISCO","SAN FRANCISCO",-122.40713988,37.77974995
8683826,2018,2018-08-28,3801,2018-07-25,1542,260,SOUTH,3,5,7,3801,0,0,0,,0,3B12D,"3RD ST","HOWARD ST",0.00,,Y,A,-,N,,,,,,,,,,Y,4,0,1,2,A,-,12,21453,A,N,D,C,A,A,H,-,A,A,0,,,,,Y,,A,01,0,0,1,0,0,0,0,0,0,-,-,,,"SAN FRANCISCO","SAN FRANCISCO",-122.40049986,37.78500991
8683825,2018,2018-09-05,3801,2018-07-09,0315,2442,SOUTH,1,5,7,3801,0,0,0,,0,3B12C,5TH,"SHIPLEY ST",30.00,N,N,A,-,N,,,,,,,,,,N,4,0,1,2,A,-,00,21294,C,N,C,J,A,A,H,-,A,A,0,,,Y,,Y,,C,03,0,0,1,0,0,0,0,0,1,-,-,,,"SAN FRANCISCO","SAN FRANCISCO",-122.40291297,37.77987863
8683822,2018,2018-08-28,3801,2018-07-31,2153,882,TENDE,2,5,7,3801,0,0,0,,0,3J13E,"GOLDEN GATE AV","HYDE ST",12.00,W,N,B,-,N,,,,,,,,,,N,3,0,1,2,A,-,17,21657,,N,A,G,A,A,H,-,C,D,0,,Y,,,Y,,L,04,0,1,0,0,0,0,1,0,0,-,-,,,"SAN FRANCISCO","SAN FRANCISCO",-122.41554101,37.78164478
8683821,2018,2018-09-05,3801,2018-07-10,1945,321,RICHM,2,5,7,3801,0,0,0,,0,3G5D,"21ST AV","GEARY BL",0.00,,Y,A,-,N,,,,,,,,,,N,4,0,2,2,A,-,06,21750,A,N,D,C,A,A,H,-,B,D,0,,,,,Y,,A,01,0,0,2,0,0,0,0,0,0,-,-,,,"SAN FRANCISCO","SAN FRANCISCO",-122.48045,37.78033995
8683818,2018,2018-08-28,3801,2018-07-31,1129,328,CENTR,2,5,7,3801,0,0,0,,0,3A13C,"BROADWAY ST","BATTERY ST",0.00,,Y,A,-,N,,,,,,,,,,Y,4,0,2,2,A,-,03,22350,,N,C,C,A,A,H,-,A,A,0,,,,,Y,,A,01,0,0,2,0,0,0,0,0,0,-,-,,,"SAN FRANCISCO","SAN FRANCISCO",-122.40103999,37.79859997
8683817,2018,2018-09-05,3801,2018-07-06,0100,2162,SOUTH,5,5,7,3801,0,0,0,,0,3B12E,"3RD ST","MISSION ST",321.00,S,N,A,-,N,,,,,,,,,,N,4,0,1,2,A,-,21,22106,,F,G,B,E,A,H,-,C,D,0,Y,,,,Y,Y,A,01,0,0,1,0,1,0,0,0,0,-,-,,,"SAN FRANCISCO","SAN FRANCISCO",-122.40123072,37.7856337
8683814,2018,2018-08-28,3801,2018-07-30,1752,274,RICHM,1,5,7,3801,0,0,0,,0,3G2C,"JOHN F KENNEDY DR","36TH AV",30.00,W,N,A,-,N,,,,,,,,,,N,3,0,1,2,A,-,17,22517,,N,B,G,A,A,H,-,A,D,0,,Y,,,Y,,A,01,0,1,0,0,0,0,1,0,0,-,-,,,"SAN FRANCISCO","SAN FRANCISCO",-122.49535251,37.7698642
8683813,2018,2018-09-05,3801,2018-07-09,0821,2214,MISSI,1,5,7,3801,0,0,0,,0,3D14A,"FLORIDA ST","24TH ST",254.00,S,N,A,-,N,,,,,,,,,,N,2,0,1,2,A,-,11,21954,A,N,G,J,E,A,H,-,A,D,0,Y,Y,,,Y,,N,60,1,0,0,0,1,0,0,0,0,-,-,,,"SAN FRANCISCO","SAN FRANCISCO",-122.40997409,37.7520642
8683810,2018,2018-08-28,3801,2018-07-30,0623,844,CENTR,1,5,7,3801,0,0,0,,0,3A13A,"NEW MONTGOMERY ST","JESSIE ST",0.00,,Y,A,-,N,,,,,,,,,,Y,4,0,2,2,A,-,08,22100,B,N,B,J,A,A,H,-,A,A,0,,,,,Y,,A,01,0,0,2,0,0,0,0,0,0,-,-,,,"SAN FRANCISCO","SAN FRANCISCO",-122.40098995,37.78786989
8683809,2018,2018-09-28,3801,2018-07-10,2120,675,TARAV,2,5,7,3801,0,0,0,,0,3I4E,"19TH AV","WAWONA ST",48.00,N,N,A,-,N,,,,,,,,,,N,3,0,1,2,A,-,07,21658,A,N,B,C,A,A,H,-,C,A,0,,,Y,,Y,,C,02,0,1,0,0,0,0,0,0,1,-,-,,,"SAN FRANCISCO","SAN FRANCISCO",-122.47530987,37.73759163
8683806,2018,2018-08-28,3801,2018-07-07,2320,1481,SOUTH,6,5,7,3801,0,0,0,,0,3B13E,"MISSION ST","8TH ST",0.00,,N,A,-,N,,,,,,,,,,N,3,0,1,2,A,-,08,22107,,F,D,G,A,A,H,-,C,A,0,,Y,,,Y,,A,01,0,1,0,0,0,0,1,0,0,-,-,,,"SAN FRANCISCO","SAN FRANCISCO",-122.41315999,37.77745997
8683805,2018,2018-09-05,3801,2018-07-11,0116,4039,TARAV,3,5,7,3801,0,0,0,,0,3I11E,"19TH AV","NORIEGA ST",305.00,S,N,B,-,N,,,,,,,,,,Y,4,0,1,2,A,-,03,22350,,N,C,E,A,A,H,-,C,A,0,,,Y,,Y,,A,01,0,0,1,0,0,0,0,0,0,-,-,,,"SAN FRANCISCO","SAN FRANCISCO",-122.47638153,37.7533834
8683802,2018,2018-08-28,3801,2018-07-07,0835,924,MISSI,6,5,7,3801,0,0,0,,0,3D11A,"SANCHEZ ST","MARKET ST",0.00,,Y,A,-,N,,,,,,,,,,N,4,0,1,2,A,-,09,21801,A,N,A,G,A,A,H,-,A,A,0,,Y,,,Y,,A,01,0,0,1,0,0,0,1,0,0,-,-,,,"SAN FRANCISCO","SAN FRANCISCO",-122.4310099,37.76597991
8683801,2018,2018-09-05,3801,2018-07-13,1840,385,NORTH,5,5,7,3801,0,0,0,,0,3E13D,"SUTTER ST","VAN NESS AV",0.00,,Y,A,-,N,,,,,,,,,,Y,3,0,1,2,A,-,03,22350,,N,D,C,A,A,H,-,A,A,0,,,Y,,Y,,C,03,0,1,0,0,0,0,0,0,1,-,-,,,"SAN FRANCISCO","SAN FRANCISCO",-122.42183987,37.78752992
8683798,2018,2018-08-28,3801,2018-07-06,1835,2132,MISSI,5,5,7,3801,0,0,0,,0,3D65,"MISSION ST","16TH ST",100.00,S,N,A,-,N,,,,,,,,,,N,4,0,1,2,A,-,00,21760,C,N,B,G,A,A,H,-,A,A,0,,Y,,,Y,,A,01,0,0,1,0,0,0,1,0,0,-,-,,,"SAN FRANCISCO","SAN FRANCISCO",-122.41964148,37.76477622
8683797,2018,2018-09-05,3801,2018-07-13,2007,1883,TENDE,5,5,7,3801,0,0,0,,0,001,"STEVENSON ST","7TH ST",144.00,W,N,A,-,N,,,,,,,,,,N,4,0,1,2,A,-,03,22350,,N,A,B,A,A,H,-,B,D,0,,Y,,,Y,,L,04,0,0,1,0,0,0,1,0,0,-,-,,,"SAN FRANCISCO","SAN FRANCISCO",-122.41225141,37.77971759
8683794,2018,2018-08-28,3801,2018-07-06,1547,4301,NORTH,5,5,7,3801,0,0,0,,0,3E16C,"SUTTER ST","VAN NESS AV",0.00,,Y,A,-,N,,,,,,,,,,Y,3,0,1,2,A,-,12,21453,A,N,D,C,A,A,D,-,A,A,0,,,Y,,Y,,D,22,0,1,0,0,0,0,0,0,1,-,-,,,"SAN FRANCISCO","SAN FRANCISCO",-122.42183987,37.78752992
8683793,2018,2018-09-06,3801,2018-07-14,1542,905,MISSI,6,5,7,3801,0,0,0,,0,3D45C,"DOLORES ST","25TH ST",0.00,,Y,A,-,N,,,,,,,,,,N,4,0,1,2,A,-,09,21801,B,N,H,C,A,A,H,-,A,A,0,,,,,Y,Y,A,01,0,0,1,0,0,0,0,0,0,-,-,,,"SAN FRANCISCO","SAN FRANCISCO",-122.42506997,37.75023999
8683790,2018,2018-08-28,3801,2018-07-06,1122,1122,SOUTH,5,5,7,3801,0,0,0,,0,3B11C,"8TH ST","HERON ST",0.00,,Y,A,-,N,,,,,,,,,,Y,4,0,1,2,A,-,03,22350,,N,C,C,A,A,H,-,A,D,0,,,,,Y,,A,01,0,0,1,0,0,0,0,0,0,-,-,,,"SAN FRANCISCO","SAN FRANCISCO",-122.40905994,37.77420992
8683786,2018,2018-08-28,3801,2018-07-05,1645,381,SOUTH,4,5,7,3801,0,0,0,,0,3B11D,"1ST ST","HOWARD ST",10.00,N,N,A,-,N,,,,,,,,,,N,4,0,1,2,A,-,08,22107,,F,B,C,A,A,H,-,A,A,0,,,Y,,Y,,A,01,0,0,1,0,0,0,0,0,1,-,-,,,"SAN FRANCISCO","SAN FRANCISCO",-122.39606387,37.78856989
8683785,2018,2018-09-06,3801,2018-07-15,1513,4374,BAYVI,7,5,7,3801,0,0,0,,0,3C13C,"INGALLS ST","HARBOR RD",0.00,,Y,A,-,N,,,,,,,,,,N,4,0,1,2,A,-,03,22350,,N,D,G,A,A,H,-,A,D,0,,Y,,,Y,,L,04,0,0,1,0,0,0,1,0,0,-,-,,,"SAN FRANCISCO","SAN FRANCISCO",-122.37992993,37.7334099