CASE_ID,ACCIDENT_YEAR,PROC_DATE,JURIS,COLLISION_DATE,COLLISION_TIME,OFFICER_ID,REPORTING_DISTRICT,DAY_OF_WEEK,CHP_SHIFT,POPULATION,CNTY_CITY_LOC,SPECIAL_COND,BEAT_TYPE,CHP_BEAT_TYPE,CITY_DIVISION_LAPD,CHP_BEAT_CLASS,BEAT_NUMBER,PRIMARY_RD,SECONDARY_RD,DISTANCE,DIRECTION,INTERSECTION,WEATHER_1,WEATHER_2,STATE_HWY_IND,CALTRANS_COUNTY,CALTRANS_DISTRICT,STATE_ROUTE,ROUTE_SUFFIX,POSTMILE_PREFIX,POSTMILE,LOCATION_TYPE,RAMP_INTERSECTION,SIDE_OF_HWY,TOW_AWAY,COLLISION_SEVERITY,NUMBER_KILLED,NUMBER_INJURED,PARTY_COUNT,PRIMARY_COLL_FACTOR,PCF_CODE_OF_VIOL,PCF_VIOL_CATEGORY,PCF_VIOLATION,PCF_VIOL_SUBSECTION,HIT_AND_RUN,TYPE_OF_COLLISION,MVIW,PED_ACTION,ROAD_SURFACE,ROAD_COND_1,ROAD_COND_2,LIGHTING,CONTROL_DEVICE,CHP_ROAD_TYPE,PEDESTRIAN_ACCIDENT,BICYCLE_ACCIDENT,MOTORCYCLE_ACCIDENT,TRUCK_ACCIDENT,NOT_PRIVATE_PROPERTY,ALCOHOL_INVOLVED,STWD_VEHTYPE_AT_FAULT,CHP_VEHTYPE_AT_FAULT,COUNT_SEVERE_INJ,COUNT_VISIBLE_INJ,COUNT_COMPLAINT_PAIN,COUNT_PED_KILLED,COUNT_PED_INJURED,COUNT_BICYCLIST_KILLED,COUNT_BICYCLIST_INJURED,COUNT_MC_KILLED,COUNT_MC_INJURED,PRIMARY_RAMP,SECONDARY_RAMP,LATITUDE,LONGITUDE,COUNTY,CITY,POINT_X,POINT_Y
8661259,2018,2018-07-30,3801,2018-06-24,2318,2039,TARAV,7,5,7,3801,0,0,0,,0,006,"ALEMANY BL","CRYSTAL ST",25.00,W,N,A,-,N,,,,,,,,,,Y,4,0,1,2,A,-,08,22107,,N,B,D,A,A,H,-,C,D,0,,,,Y,Y,,F,26,0,0,1,0,0,0,0,0,0,-,-,,,"SAN FRANCISCO","SAN FRANCISCO",-122.46056127,37.71030887
8661256,2018,2018-07-27,3801,2018-06-04,0747,1693,BAYVI,1,5,7,3801,0,0,0,,0,005,"3RD ST","CARROLL AV",0.00,,Y,A,-,N,,,,,,,,,,N,4,0,1,2,A,-,11,21950,B,N,G,B,B,A,H,-,A,A,0,Y,,,Y,Y,,N,60,0,0,1,0,1,0,0,0,0,-,-,,,"SAN FRANCISCO","SAN FRANCISCO",-122.39435998,37.72549
8661248,2018,2018-07-30,3801,2018-06-29,1742,1345,SOUTH,5,5,7,3801,0,0,0,,0,0B3,FOLSOM,"6TH ST",0.00,,N,A,-,N,,,,,,,,,,Y,4,0,1,2,A,-,08,22107,,N,D,C,A,A,H,-,A,A,0,,,,Y,Y,,F,55,0,0,1,0,0,0,0,0,0,-,-,,,"SAN FRANCISCO","SAN FRANCISCO",-122.40559986,37.7785
8661244,2018,2018-07-30,3801,2018-06-28,1025,203,SOUTH,4,5,7,3801,0,0,0,,0,904,"2ND ST","HARRISON ST",39.00,N,N,A,-,N,,,,,,,,,,N,2,0,1,3,A,-,11,21950,B,N,B,B,E,A,H,-,A,A,0,Y,,,Y,Y,,N,60,1,0,0,0,1,0,0,0,0,-,-,,,"SAN FRANCISCO","SAN FRANCISCO",-122.39527658,37.78440485
8661243,2018,2018-08-31,3801,2018-06-24,0621,859,BAYVI,7,5,7,3801,0,0,0,,0,03C,"BAYSHORE BL","BAYSHORE BL 195",0.00,,Y,A,-,N,,,,,,,,,,Y,3,0,1,2,A,-,07,21658,A,N,C,E,A,A,H,-,A,D,0,,,,,Y,Y,A,01,0,1,0,0,0,0,0,0,0,-,-,,,"SAN FRANCISCO","SAN FRANCISCO",,
8661240,2018,2018-07-30,3801,2018-06-27,1612,4249,RICHM,3,5,7,3801,0,0,0,,0,0G5,"42ND AV","ANZA ST",40.00,S,N,B,-,N,,,,,,,,,,Y,4,0,1,3,C,-,18,,,N,C,E,-,A,H,-,A,D,0,Y,,,,Y,,-,-,0,0,1,0,1,0,0,0,0,-,-,37.77701,-122.503,"SAN FRANCISCO","SAN FRANCISCO",-122.50275644,37.77722015
8661239,2018,2018-07-27,3801,2018-06-08,0757,4115,MISSI,5,5,7,3801,0,0,0,,0,3D14A,"DIVISION ST","POTRERO AV",0.00,,Y,A,-,N,,,,,,,,,,N,2,0,1,2,A,-,10,21950,A,N,G,B,B,A,H,-,A,A,0,Y,,,,Y,,I,11,1,0,0,0,1,0,0,0,0,-,-,,,"SAN FRANCISCO","SAN FRANCISCO",-122.40788,37.7692199
8661236,2018,2018-08-27,3801,2018-06-26,1700,1626,BAYVI,2,5,7,3801,0,0,0,,0,3C11D,"3RD ST","25TH ST",0.00,,Y,A,-,N,,,,,,,,,,Y,4,0,1,2,A,-,06,21755,A,N,B,C,A,A,H,-,A,A,0,,,,,Y,,A,01,0,0,1,0,0,0,0,0,0,-,-,,,"SAN FRANCISCO","SAN FRANCISCO",-122.38787986,37.75283989
8661232,2018,2018-07-30,3801,2018-06-26,0745,982,INGLE,2,5,7,3801,0,0,0,,0,AH1014,"GENEVA AV","MISSION ST",0.00,,Y,A,-,N,,,,,,,,,,N,3,0,1,2,A,-,10,21950,A,N,G,B,B,A,H,-,A,A,0,Y,,,,Y,,D,22,0,1,0,0,1,0,0,0,0,-,-,,,"SAN FRANCISCO","SAN FRANCISCO",-122.44099993,37.71638998
8661231,2018,2018-07-27,3801,2018-06-11,1945,1230,INGLE,1,5,7,3801,0,0,0,,0,3H13D,"OTTAWA AV","ELLINGTON AV",74.00,E,N,A,-,N,,,,,,,,,,Y,4,0,1,3,A,-,01,23152,A,N,E,E,A,A,H,-,A,D,0,,,,,Y,Y,A,01,0,0,1,0,0,0,0,0,0,-,-,,,"SAN FRANCISCO","SAN FRANCISCO",-122.4441393,37.71393605
8661228,2018,2018-07-27,3801,2018-06-21,2151,882,TENDE,4,5,7,3801,0,0,0,,0,3J11E,"MARKET ST","7TH ST",190.00,W,N,A,-,N,,,,,,,,,,N,4,0,1,2,-,-,-,,,N,H,A,A,A,H,-,C,D,0,,Y,,,Y,,-,-,0,0,1,0,0,0,1,0,0,-,-,,,"SAN FRANCISCO","SAN FRANCISCO",-122.41297561,37.78011139
8661223,2018,2018-07-27,3801,2018-06-01,0931,308,SOUTH,5,5,7,3801,0,0,0,,0,3B13B,"TERRY A FRANCOIS BL","MISSION ROCK ST",0.00,,Y,A,-,N,,,,,,,,,,N,3,0,1,2,A,-,08,22107,,N,B,G,A,A,H,-,A,D,0,,Y,,,Y,,D,22,0,1,0,0,0,0,1,0,0,-,-,,,"SAN FRANCISCO","SAN FRANCISCO",-122.38728991,37.77308996
8661220,2018,2018-07-30,3801,2018-06-18,0909,1976,INGLE,1,5,7,3801,0,0,0,,0,3H1A,"VALENCIA ST","DOUGLASS ST",203.00,N,N,A,-,N,,,,,,,,,,N,4,0,1,2,A,-,03,22350,,N,E,I,A,A,H,-,A,D,0,,Y,,Y,Y,,L,04,0,0,1,0,0,0,1,0,0,-,-,,,"SAN FRANCISCO","SAN FRANCISCO",,
8661219,2018,2018-07-31,3801,2018-06-02,1638,417,SOUTH,6,5,7,3801,0,0,0,,0,3B12D,"5TH ST","HARRISON ST",0.00,,Y,A,-,N,,,,,,,,,,N,4,0,1,2,A,-,08,22100,A,N,D,C,A,A,H,-,A,A,0,,,,,Y,,D,22,0,0,1,0,0,0,0,0,0,-,-,,,"SAN FRANCISCO","SAN FRANCISCO",-122.40186989,37.77905992
8661208,2018,2018-08-14,3801,2018-06-25,1234,1956,TARAV,1,5,7,3801,0,0,0,,0,"6 CAR","LEE AV","GRAFTON AV",222.00,S,N,A,-,N,,,,,,,,,,Y,3,0,2,3,A,-,06,21755,A,N,H,D,A,A,H,-,A,D,0,,,,,Y,,A,01,0,1,1,0,0,0,0,0,0,-,-,,,"SAN FRANCISCO","SAN FRANCISCO",-122.4541,37.71940013
8660760,2018,2018-11-02,3801,2018-07-06,2338,1078,NORTH,5,5,7,3801,0,0,0,,0,3E11E,"VAN NESS AV","HAYES ST",0.00,,Y,A,-,Y,SF,4,101,-,T,5.010,I,5,S,Y,2,0,3,2,A,-,08,22101,D,N,D,C,A,A,D,-,C,A,0,,,,,Y,,A,01,1,0,2,0,0,0,0,0,0,-,-,,,"SAN FRANCISCO","SAN FRANCISCO",-122.41978329,37.77730726
8656480,2018,2018-07-20,3801,2018-06-24,0227,1254,CENTR,7,5,7,3801,0,0,0,,0,3A15E,EMBARCADERO,"DON CHEE WY",386.00,N,N,A,-,N,,,,,,,,,,N,4,0,1,2,A,-,03,22350,,F,G,B,D,A,H,-,C,A,0,Y,,,,Y,,A,01,0,0,1,0,1,0,0,0,0,-,-,,,"SAN FRANCISCO","SAN FRANCISCO",,
8656476,2018,2018-07-20,3801,2018-06-24,0115,145,CENTR,7,5,7,3801,0,0,0,,0,3A12E,"MONTGOMERY ST","BUSH ST",0.00,,Y,A,-,N,,,,,,,,,,Y,3,0,7,4,A,-,03,22350,,F,C,C,A,A,H,-,C,A,0,,,,,Y,,A,01,0,1,6,0,0,0,0,0,0,-,-,,,"SAN FRANCISCO","SAN FRANCISCO",-122.40235994,37.79096998
8656472,2018,2018-07-20,3801,2018-06-24,1841,1148,MISSI,7,5,7,3801,0,0,0,,0,3D12E,"FOLSOM ST","17TH ST",0.00,,Y,A,-,N,,,,,,,,,,Y,4,0,3,3,A,-,03,22350,,N,C,C,A,A,-,-,A,A,0,,,,,Y,,A,01,0,0,3,0,0,0,0,0,0,-,-,,,"SAN FRANCISCO","SAN FRANCISCO",-122.41514996,37.7636899
8656468,2018,2018-07-20,3801,2018-06-03,2050,2300,TENDE,7,5,7,3801,0,0,0,,0,3J14D,"ELLIS ST","TAYLOR ST",0.00,,Y,A,-,N,,,,,,,,,,N,3,0,1,2,A,-,10,21950,A,N,G,B,B,A,H,-,C,A,0,Y,,,,Y,,A,01,0,1,0,0,1,0,0,0,0,-,-,,,"SAN FRANCISCO","SAN FRANCISCO",-122.41112987,37.7850999
8656456,2018,2018-07-20,3801,2018-06-02,1322,306,SOUTH,6,5,7,3801,0,0,0,,0,3B12C,"5TH ST","BRYANT ST",0.00,,Y,A,-,N,,,,,,,,,,N,3,0,1,2,D,-,00,,,N,H,J,A,A,-,-,A,A,0,,,,,Y,,-,-,0,1,0,0,0,0,0,0,0,-,-,,,"SAN FRANCISCO","SAN FRANCISCO",-122.40028996,37.77779999
8656390,2018,2018-07-27,3801,2018-06-14,1742,185,SOUTH,4,5,7,3801,0,0,0,,0,3B5D,"MAIN ST","HARRISON ST",0.00,,Y,A,-,N,,,,,,,,,,N,4,0,1,2,A,-,12,21453,A,N,D,G,A,A,H,-,A,A,0,,Y,,,Y,,L,04,0,0,1,0,0,0,1,0,0,-,-,,,"SAN FRANCISCO","SAN FRANCISCO",-122.39031995,37.7881499
8656386,2018,2018-07-27,3801,2018-06-11,1205,2200,NORTH,1,5,7,3801,0,0,0,,0,005,"CHESTNUT ST","LAGUNA ST",65.00,W,N,A,-,N,,,,,,,,,,N,4,0,2,2,A,-,03,22350,,N,C,C,A,A,H,-,A,A,0,,,Y,,Y,,C,02,0,0,2,0,0,0,0,0,2,-,-,,,"SAN FRANCISCO","SAN FRANCISCO",-122.4315224,37.80141269
8656382,2018,2018-07-27,3801,2018-06-17,1903,4023,MISSI,7,5,7,3801,0,0,0,,0,3D11D,GUERRERO,"16TH ST",0.00,,Y,A,-,N,,,,,,,,,,N,3,0,1,2,A,-,12,21453,A,N,D,C,A,A,H,-,A,A,0,,,Y,,Y,,C,03,0,1,0,0,0,0,0,0,1,-,-,,,"SAN FRANCISCO","SAN FRANCISCO",-122.42409997,37.76477996
8656378,2018,2018-07-27,3801,2018-06-16,2128,1148,MISSI,6,5,7,3801,0,0,0,,0,3D11E,"17TH ST","GUERRERO ST",0.00,,Y,A,-,N,,,,,,,,,,N,4,0,2,2,A,-,08,22107,,F,B,C,A,A,-,-,C,A,0,,,Y,,Y,Y,A,01,0,0,2,0,0,0,0,0,2,-,-,,,"SAN FRANCISCO","SAN FRANCISCO",-122.42393,37.76316991
8656374,2018,2018-07-27,3801,2018-06-17,2206,2470,CENTR,7,5,7,3801,0,0,0,,0,3A60,"COLUMBUS AV",BROADWAY,104.00,S,N,A,-,N,,,,,,,,,,N,4,0,1,2,A,-,11,21956,,N,G,B,D,A,H,-,C,D,0,Y,,,,Y,,N,60,0,0,1,0,1,0,0,0,0,-,-,,,"SAN FRANCISCO","SAN FRANCISCO",-122.40637457,37.79769696
8656370,2018,2018-07-27,3801,2018-06-12,1100,2439,CENTR,2,5,7,3801,0,0,0,,0,3A15A,"CLAY ST","BATTERY ST",150.00,W,N,A,-,N,,,,,,,,,,N,4,0,1,2,A,-,05,21650,1,M,D,G,A,A,H,-,A,D,0,,Y,,,Y,,L,04,0,0,1,0,0,0,1,0,0,-,-,,,"SAN FRANCISCO","SAN FRANCISCO",-122.40086306,37.79493644
8656366,2018,2018-07-27,3801,2018-06-13,1648,472,NORTH,3,5,7,3801,0,0,0,,0,3E15D,"VAN NESS AV","BROADWAY ST",0.00,,Y,A,-,N,,,,,,,,,,N,4,0,1,2,A,-,09,21801,A,N,A,C,A,A,H,-,A,A,0,,,,,Y,,A,01,0,0,1,0,0,0,0,0,0,-,-,,,"SAN FRANCISCO","SAN FRANCISCO",-122.42349988,37.79572993
8656362,2018,2018-07-27,3801,2018-06-14,0952,1159,BAYVI,4,5,7,3801,0,0,0,,0,3C72,"KIRKWOOD AV","EARL ST",0.00,,Y,A,-,N,,,,,,,,,,N,4,0,1,2,A,-,04,21703,,N,G,B,D,A,H,-,A,A,0,Y,,,,Y,,A,01,0,0,1,0,1,0,0,0,0,-,-,,,"SAN FRANCISCO","SAN FRANCISCO",-122.37317999,37.72862993
8656358,2018,2018-08-03,3801,2018-06-09,1139,1377,INGLE,6,5,7,3801,0,0,0,,0,3H16C,"BAYSHORE BL","HESTER AV",0.00,,Y,A,-,N,,,,,,,,,,N,4,0,1,2,A,-,03,22350,,F,C,C,A,A,H,-,A,A,0,,,,,Y,Y,A,01,0,0,1,0,0,0,0,0,0,-,-,,,"SAN FRANCISCO","SAN FRANCISCO",-122.40000996,37.71361997
8656354,2018,2018-07-27,3801,2018-06-13,1900,4360,BAYVI,3,5,7,3801,0,0,0,,0,001,"TENNESSEE ST","22ND ST",112.00,S,N,F,-,N,,,,,,,,,,N,3,0,1,2,D,-,00,,,N,H,G,A,A,H,-,B,D,0,,Y,,,Y,,-,-,0,1,0,0,0,0,1,0,0,-,-,,,"SAN FRANCISCO","SAN FRANCISCO",-122.38921706,37.75758343
8656352,2018,2018-07-30,3801,2018-06-21,2341,1125,NORTH,4,5,7,3801,0,0,0,,0,3E14E,"BAY ST","FRANKLIN ST",0.00,,Y,A,-,N,,,,,,,,,,Y,4,0,2,2,A,-,09,21801,A,N,D,C,A,A,H,-,C,A,0,,,,,Y,,A,01,0,0,2,0,0,0,0,0,0,-,-,,,"SAN FRANCISCO","SAN FRANCISCO",-122.42673996,37.80394989
8656350,2018,2018-07-27,3801,2018-06-14,1212,614,SOUTH,4,5,7,3801,0,0,0,,0,0B4,"MARKET ST","ELGIN PARK",36.00,W,N,A,-,N,,,,,,,,,,N,3,0,1,2,A,-,00,22110,A,N,H,A,A,A,H,-,A,D,0,,Y,,,Y,,A,01,0,1,0,0,0,0,1,0,0,-,-,,,"SAN FRANCISCO","SAN FRANCISCO",-122.42389775,37.7715298
8656346,2018,2018-07-27,3801,2018-06-05,1851,1149,SOUTH,2,5,7,3801,0,0,0,,0,3B12D,"3RD ST","TABER PL",0.00,,Y,A,-,N,,,,,,,,,,N,4,0,1,2,A,-,09,21804,A,N,D,-,A,A,H,-,A,A,0,,,,,Y,,A,01,0,0,1,0,0,0,0,0,0,-,-,,,"SAN FRANCISCO","SAN FRANCISCO",-122.39553987,37.78107992
8656344,2018,2018-07-30,3801,2018-06-25,1827,668,SOUTH,1,5,7,3801,0,0,0,,0,3B16D,"CALIFORNIA ST","AVENUE OF THE PALMS",0.00,,Y,A,-,N,,,,,,,,,,N,4,0,3,2,A,-,03,22350,,N,C,C,A,A,H,-,A,D,0,,,,,Y,,A,01,0,0,3,0,0,0,0,0,0,-,-,,,"SAN FRANCISCO","SAN FRANCISCO",-122.37253996,37.81727989
8656342,2018,2018-07-27,3801,2018-06-16,0139,2038,"CO F",6,5,7,3801,0,0,0,,0,3F14E,"LYON ST","HAYES ST",42.00,S,N,A,-,N,,,,,,,,,,Y,3,0,1,3,A,-,01,23152,A,N,B,E,A,A,H,-,C,D,0,,,,,Y,Y,A,01,0,1,0,0,0,0,0,0,0,-,-,,,"SAN FRANCISCO","SAN FRANCISCO",-122.44272579,37.77424623
8656338,2018,2018-07-27,3801,2018-06-16,2145,1101,PARK,6,5,7,3801,0,0,0,,0,3F1E,"6TH AV","HUGO ST",27.00,S,N,A,-,N,,,,,,,,,,Y,4,0,1,3,A,-,03,22350,,N,C,E,A,A,H,-,C,D,0,,,,,Y,,A,01,0,0,1,0,0,0,0,0,0,-,-,,,"SAN FRANCISCO","SAN FRANCISCO",-122.46316366,37.765026
8656334,2018,2018-07-27,3801,2018-06-16,1334,2728,MISSI,6,5,7,3801,0,0,0,,0,3D13A,"S VAN NESS AV","21ST ST",0.00,,Y,A,-,N,,,,,,,,,,Y,4,0,1,2,A,-,21,22106,,N,D,C,A,B,H,-,A,D,0,,,Y,,Y,,A,01,0,0,1,0,0,0,0,0,1,-,-,,,"SAN FRANCISCO","SAN FRANCISCO",-122.4167499,37.75715995
8656330,2018,2018-07-27,3801,2018-06-16,0806,2014,SOUTH,6,5,7,3801,0,0,0,,0,0B1,"NEW MONTGOMERY","MISSION ST",0.00,,Y,A,-,N,,,,,,,,,,Y,4,0,1,2,A,-,12,21453,A,N,D,C,A,A,H,-,A,A,0,,,,,Y,,A,08,0,0,1,0,0,0,0,0,0,-,-,,,"SAN FRANCISCO","SAN FRANCISCO",-122.4004999,37.78744994
8656326,2018,2018-07-27,3801,2018-06-17,1315,1145,SOUTH,7,5,7,3801,0,0,0,,0,3B1C,"BEALE ST","BRYANT ST",448.00,N,N,A,-,N,,,,,,,,,,Y,3,0,1,2,A,-,03,22350,,N,C,E,A,A,H,-,A,D,0,,,Y,,Y,,C,03,0,1,0,0,0,0,0,0,1,-,-,,,"SAN FRANCISCO","SAN FRANCISCO",-122.39074754,37.78711972
8656320,2018,2018-07-30,3801,2018-06-27,0333,2030,TARAV,3,5,7,3801,0,0,0,,0,"3 CAR","SLOAT BL","43RD AV",0.00,,Y,A,-,N,,,,,,,,,,Y,4,0,1,2,A,-,08,22107,,N,B,C,A,A,H,-,C,D,0,,,,,Y,,A,01,0,0,1,0,0,0,0,0,0,-,-,,,"SAN FRANCISCO","SAN FRANCISCO",-122.5011199,37.73511989
8656319,2018,2018-07-26,3801,2018-06-05,1810,2728,RICHM,2,5,7,3801,0,0,0,,0,908,"FULTON ST","43RD AV",0.00,,Y,A,-,N,,,,,,,,,,Y,3,0,1,2,A,-,12,21453,A,N,D,C,A,A,H,-,A,A,0,,,,,Y,,A,07,0,1,0,0,0,0,0,0,0,-,-,,,"SAN FRANCISCO","SAN FRANCISCO",-122.50345998,37.7716799
8656318,2018,2018-07-25,3801,2018-06-11,1107,219,BAYVI,1,5,7,3801,0,0,0,,0,004,"SWEENY ST","BOYLSTON ST",147.00,W,N,A,-,N,,,,,,,,,,N,4,0,2,2,A,-,08,22107,,N,D,C,A,A,H,-,A,D,0,,,,,Y,,A,01,0,0,2,0,0,0,0,0,0,-,-,,,"SAN FRANCISCO","SAN FRANCISCO",-122.41140986,37.73190646
8656317,2018,2018-12-20,3801,2018-06-26,1209,00309,TENDE,2,5,7,3801,0,0,0,,0,3J51A,"MARKET ST","4TH ST",327.00,E,N,A,-,N,,,,,,,,,,N,3,0,2,3,A,-,17,21235,G,F,G,B,F,A,H,-,A,D,0,Y,,,,Y,,M,94,0,2,0,0,2,0,0,0,0,-,-,,,"SAN FRANCISCO","SAN FRANCISCO",-122.40510195,37.78634476
8656316,2018,2018-07-30,3801,2018-06-20,0245,2452,RICHM,3,5,7,3801,0,0,0,,0,3G14E,"ARGUELLO BL","CLEMENT ST",0.00,,Y,A,-,N,,,,,,,,,,N,2,0,1,1,D,-,00,,,N,H,J,A,A,H,-,C,A,0,,,,,Y,,-,-,1,0,0,0,0,0,0,0,0,-,-,,,"SAN FRANCISCO","SAN FRANCISCO",-122.45901987,37.78318993
8656315,2018,2018-07-26,3801,2018-06-05,1448,4292,BAYVI,2,5,7,3801,0,0,0,,0,3C77,"WOOLSEY ST","BOWDOIN ST",188.00,W,N,A,-,N,,,,,,,,,,N,2,0,1,2,A,-,11,21955,,N,G,B,D,A,H,-,A,A,0,Y,,,,Y,,N,60,1,0,0,0,1,0,0,0,0,-,-,,,"SAN FRANCISCO","SAN FRANCISCO",-122.41015785,37.7232691
8656314,2018,2018-07-25,3801,2018-06-09,1517,875,BAYVI,6,5,7,3801,0,0,0,,0,3C13C,"TENNESSEE ST","MARIPOSA ST",0.00,,Y,A,-,N,,,,,,,,,,N,3,0,1,2,A,-,09,21802,A,N,D,G,A,A,-,-,A,A,0,,Y,,,Y,Y,A,01,0,1,0,0,0,0,1,0,0,-,-,,,"SAN FRANCISCO","SAN FRANCISCO",-122.38986992,37.76426993
8656313,2018,2018-07-26,3801,2018-06-25,1313,1122,SOUTH,1,5,7,3801,0,0,0,,0,3B11C,"HOWARD ST","3RD ST",0.00,,Y,A,-,N,,,,,,,,,,N,4,0,1,2,A,-,10,21950,A,N,G,B,B,A,D,-,A,A,0,Y,,,,Y,,-,,0,0,1,0,1,0,0,0,0,-,-,,,"SAN FRANCISCO","SAN FRANCISCO",-122.40049986,37.78500991
8656312,2018,2018-07-30,3801,2018-06-28,1814,207,CENTR,4,5,7,3801,0,0,0,,0,3A12D,"PINE ST","MONTGOMERY ST",50.00,E,N,A,-,N,,,,,,,,,,N,2,0,2,2,A,-,11,21955,,N,D,B,D,A,H,-,A,A,0,Y,,Y,,Y,,N,60,1,0,1,0,1,0,0,0,1,-,-,,,"SAN FRANCISCO","SAN FRANCISCO",-122.40237868,37.79193958
8656311,2018,2018-07-26,3801,2018-06-05,1816,2471,,2,5,7,3801,0,0,0,,0,3A15D,"BAY ST","STOCKTON ST",0.00,,Y,A,-,N,,,,,,,,,,N,4,0,1,2,A,-,08,22107,,N,D,C,A,A,H,-,A,A,0,,,Y,,Y,,A,01,0,0,1,0,0,0,0,0,1,-,-,,,"SAN FRANCISCO","SAN FRANCISCO",-122.4102999,37.80603991
8656310,2018,2018-07-25,3801,2018-06-03,0723,844,CENTR,7,5,7,3801,0,0,0,,0,A13,"BAY ST","POLK ST",0.00,,Y,A,-,N,,,,,,,,,,Y,4,0,2,2,A,-,12,21453,A,N,D,C,A,A,H,-,A,A,0,,,,,Y,,A,01,0,0,2,0,0,0,0,0,0,-,-,,,"SAN FRANCISCO","SAN FRANCISCO",-122.4234499,37.80435995
8656309,2018,2018-07-30,3801,2018-06-26,0840,1418,TARAV,2,5,7,3801,0,0,0,,0,016,"OCEAN AV","JULES AV",60.00,W,N,B,-,N,,,,,,,,,,N,4,0,1,2,A,-,02,22400,A,N,C,C,A,A,H,-,A,A,0,,,,,Y,,A,01,0,0,1,0,0,0,0,0,0,-,-,,,"SAN FRANCISCO","SAN FRANCISCO",-122.46142911,37.72499646
8656308,2018,2018-07-30,3801,2018-06-24,1755,621,INGLE,7,5,7,3801,0,0,0,,0,3H15D,"ALEMANY BL","OCEAN AV",0.00,,Y,A,-,N,,,,,,,,,,Y,4,0,1,2,A,-,12,21453,A,N,D,C,A,A,H,-,A,A,0,,,,,Y,,A,01,0,0,1,0,0,0,0,0,0,-,-,,,"SAN FRANCISCO","SAN FRANCISCO",-122.43754,37.72369993
8656307,2018,2018-07-26,3801,2018-06-05,2010,4005,MISSI,2,5,7,3801,0,0,0,,0,003,"MISSION ST","26TH ST",0.00,,Y,A,-,N,,,,,,,,,,,4,0,1,2,A,-,11,21954,A,N,G,B,D,A,H,-,B,A,0,Y,,,,Y,,N,60,0,0,1,0,1,0,0,0,0,-,-,,,"SAN FRANCISCO","SAN FRANCISCO",-122.41813993,37.74905995
8656306,2018,2018-07-25,3801,2018-06-04,1508,4229,CENTR,1,5,7,3801,0,0,0,,0,03A,"CHESTNUT ST","MASON ST",0.00,,Y,A,-,N,,,,,,,,,,N,4,0,1,2,A,-,10,21950,A,N,G,B,B,A,H,-,A,D,0,Y,,,,Y,,A,01,0,0,1,0,1,0,0,0,0,-,-,,,"SAN FRANCISCO","SAN FRANCISCO",-122.41319998,37.8037399
8656305,2018,2018-12-19,3801,2018-06-07,1951,373,PARK,4,5,7,3801,0,0,0,,0,001,"STANYAN ST","BEULAH ST",19.00,W,N,A,-,N,,,,,,,,,,Y,4,0,2,2,A,-,09,21802,A,F,D,D,A,A,H,-,A,A,0,,,,,Y,Y,A,01,0,0,2,0,0,0,0,0,0,-,-,,,"SAN FRANCISCO","SAN FRANCISCO",-122.45316069,37.7673415
8656304,2018,2018-07-30,3801,2018-06-20,0811,2710,CENTR,3,5,7,3801,0,0,0,,0,3A12A,"SUTTER ST","TRINITY ST",16.00,W,N,B,-,N,,,,,,,,,,N,3,0,1,2,A,-,11,21955,,N,D,B,D,A,H,-,A,D,0,Y,,,,Y,,N,60,0,1,0,0,1,0,0,0,0,-,-,,,"SAN FRANCISCO","SAN FRANCISCO",-122.4026948,37.78995363
8656303,2018,2018-07-26,3801,2018-06-05,1458,1316,CENTR,2,5,7,3801,0,0,0,,0,3A44C,"PACIFIC AV","STOCKTON ST",0.00,,Y,A,-,N,,,,,,,,,,N,4,0,1,2,A,-,11,21453,D,N,G,B,B,A,H,-,A,A,0,Y,,,,Y,,N,60,0,0,1,0,1,0,0,0,0,-,-,,,"SAN FRANCISCO","SAN FRANCISCO",-122.40840988,37.79671994
8656302,2018,2018-07-25,3801,2018-06-10,1920,268,MISSI,7,5,7,3801,0,0,0,,0,3D6D,"24TH ST","SOUTH VAN NESS",25.00,E,N,A,-,N,,,,,,,,,,N,4,0,1,2,A,-,04,21703,,M,C,C,A,A,H,-,A,A,0,,,,,Y,,A,01,0,0,1,0,0,0,0,0,0,-,-,,,"SAN FRANCISCO","SAN FRANCISCO",-122.41619381,37.75238581
8656300,2018,2018-07-30,3801,2018-06-26,2126,1190,TARAV,2,5,7,3801,0,0,0,,0,3I15D,"20TH AV","WINSTON DR",40.00,S,N,A,-,N,,,,,,,,,,N,4,0,1,2,A,-,04,21703,,N,C,C,A,A,H,-,C,A,0,,,,,Y,,A,01,0,0,1,0,0,0,0,0,0,-,-,,,"SAN FRANCISCO","SAN FRANCISCO",-122.47602,37.72695
8656299,2018,2018-07-26,3801,2018-06-04,0650,129,SOUTH,1,5,7,3801,0,0,0,,0,3B13A,"MISSION ST","5TH ST",0.00,,Y,A,-,N,,,,,,,,,,N,4,0,1,1,A,-,03,22350,,N,F,A,A,A,H,-,A,A,0,,,Y,,Y,,C,02,0,0,1,0,0,0,0,0,1,-,-,,,"SAN FRANCISCO","SAN FRANCISCO",-122.40648992,37.78273989