CASE_ID,ACCIDENT_YEAR,PROC_DATE,JURIS,COLLISION_DATE,COLLISION_TIME,OFFICER_ID,REPORTING_DISTRICT,DAY_OF_WEEK,CHP_SHIFT,POPULATION,CNTY_CITY_LOC,SPECIAL_COND,BEAT_TYPE,CHP_BEAT_TYPE,CITY_DIVISION_LAPD,CHP_BEAT_CLASS,BEAT_NUMBER,PRIMARY_RD,SECONDARY_RD,DISTANCE,DIRECTION,INTERSECTION,WEATHER_1,WEATHER_2,STATE_HWY_IND,CALTRANS_COUNTY,CALTRANS_DISTRICT,STATE_ROUTE,ROUTE_SUFFIX,POSTMILE_PREFIX,POSTMILE,LOCATION_TYPE,RAMP_INTERSECTION,SIDE_OF_HWY,TOW_AWAY,COLLISION_SEVERITY,NUMBER_KILLED,NUMBER_INJURED,PARTY_COUNT,PRIMARY_COLL_FACTOR,PCF_CODE_OF_VIOL,PCF_VIOL_CATEGORY,PCF_VIOLATION,PCF_VIOL_SUBSECTION,HIT_AND_RUN,TYPE_OF_COLLISION,MVIW,PED_ACTION,ROAD_SURFACE,ROAD_COND_1,ROAD_COND_2,LIGHTING,CONTROL_DEVICE,CHP_ROAD_TYPE,PEDESTRIAN_ACCIDENT,BICYCLE_ACCIDENT,MOTORCYCLE_ACCIDENT,TRUCK_ACCIDENT,NOT_PRIVATE_PROPERTY,ALCOHOL_INVOLVED,STWD_VEHTYPE_AT_FAULT,CHP_VEHTYPE_AT_FAULT,COUNT_SEVERE_INJ,COUNT_VISIBLE_INJ,COUNT_COMPLAINT_PAIN,COUNT_PED_KILLED,COUNT_PED_INJURED,COUNT_BICYCLIST_KILLED,COUNT_BICYCLIST_INJURED,COUNT_MC_KILLED,COUNT_MC_INJURED,PRIMARY_RAMP,SECONDARY_RAMP,LATITUDE,LONGITUDE,COUNTY,CITY,POINT_X,POINT_Y
8620766,2018,2018-06-14,3801,2018-04-25,1403,1290,MISSI,3,5,7,3801,0,0,0,,0,03D,"FOLSOM ST","14TH ST",138.00,S,N,A,-,N,,,,,,,,,,Y,3,0,3,6,A,-,03,22350,,N,B,B,F,A,H,-,A,A,0,Y,,,,Y,,A,01,0,1,2,0,2,0,0,0,0,-,-,,,"SAN FRANCISCO","SAN FRANCISCO",-122.41557478,37.76816193
8620738,2018,2018-06-05,3801,2018-04-28,1100,A10753,INGLE,6,5,7,3801,0,0,0,,0,3H41C,"ALEMANY BL","PUTNAM ST",0.00,,Y,A,-,N,,,,,,,,,,N,4,0,1,2,A,-,03,22350,,F,C,C,A,A,H,-,A,A,0,,,,,Y,,A,07,0,0,1,0,0,0,0,0,0,-,-,,,"SAN FRANCISCO","SAN FRANCISCO",-122.41083997,37.73482995
8620718,2018,2018-05-21,3801,2018-04-02,0850,2339,PARK,1,5,7,3801,0,0,0,,0,3F43A,"KEZAR DR","LINCOLN WY",0.00,,Y,A,-,N,,,,,,,,,,N,4,0,1,2,A,-,09,21802,B,N,H,G,A,A,H,-,A,A,0,,Y,,,Y,,A,01,0,0,1,0,0,0,1,0,0,-,-,,,"SAN FRANCISCO","SAN FRANCISCO",-122.46056989,37.76617988
8620717,2018,2018-05-18,3801,2018-04-26,1700,2708,3G14D,4,5,7,3801,0,0,0,,0,RICHMO,"CALIFORNIA ST","ARGUELLO BL",0.00,,Y,A,-,N,,,,,,,,,,Y,4,0,2,2,A,-,09,21801,A,N,D,C,A,A,H,-,A,A,0,,,,,Y,,A,01,0,0,2,0,0,0,0,0,0,-,-,,,"SAN FRANCISCO","SAN FRANCISCO",-122.45920995,37.78566992
8620714,2018,2018-05-21,3801,2018-04-02,1133,2439,CENTR,1,5,7,3801,0,0,0,,0,3A11A,"GRANT AV","BROADWAY AV",0.00,,Y,A,-,N,,,,,,,,,,N,2,0,1,2,A,-,10,21950,C,F,G,B,B,A,D,-,A,A,0,Y,,,,Y,,-,,1,0,0,0,1,0,0,0,0,-,-,,,"SAN FRANCISCO","SAN FRANCISCO",-122.40698986,37.79785998
8620713,2018,2018-06-04,3801,2018-04-26,2318,926,CENTR,4,5,7,3801,0,0,0,,0,3A11E,"SUTTER ST","LARKIN ST",0.00,,Y,A,-,N,,,,,,,,,,N,3,0,5,2,A,-,12,21453,A,N,D,C,A,A,H,-,C,A,0,,,,,Y,,A,01,0,2,3,0,0,0,0,0,0,-,-,,,"SAN FRANCISCO","SAN FRANCISCO",-122.41846993,37.78796998
8620710,2018,2018-05-21,3801,2018-04-02,1902,1190,MISSI,1,5,7,3801,0,0,0,,0,3D14D,"GUERRERO ST","18TH ST",10.00,S,N,A,-,N,,,,,,,,,,N,4,0,1,2,A,-,12,21453,A,F,D,-,A,A,H,-,A,A,0,,Y,,,Y,,L,04,0,0,1,0,0,0,1,0,0,-,-,,,"SAN FRANCISCO","SAN FRANCISCO",-122.42379709,37.76155263
8620709,2018,2018-05-18,3801,2018-04-26,0445,614,INGLE,4,5,7,3801,0,0,0,,0,0H6,"SUNNYDALE AV","DELTA ST",0.00,,Y,A,-,N,,,,,,,,,,Y,3,0,2,2,D,-,00,,,F,D,C,A,A,H,-,C,D,0,,,,,Y,,-,-,0,1,1,0,0,0,0,0,0,-,-,,,"SAN FRANCISCO","SAN FRANCISCO",-122.41040993,37.71031999
8620706,2018,2018-05-21,3801,2018-04-23,0050,317,MISSI,1,5,7,3801,0,0,0,,0,3D11E,"VALENCIA ST","CLINTON PARK",55.00,S,N,A,-,N,,,,,,,,,,Y,4,0,1,2,A,-,07,21658,A,N,B,E,A,A,H,-,C,A,0,,,,,Y,,A,01,0,0,1,0,0,0,0,0,0,-,-,,,"SAN FRANCISCO","SAN FRANCISCO",-122.4222923,37.76912956
8620705,2018,2018-05-18,3801,2018-04-27,1443,427,3G2D,5,5,7,3801,0,0,0,,0,RICHMO,"CHERRY ST","CALIFORNIA ST",0.00,,Y,A,-,N,,,,,,,,,,Y,4,0,1,2,A,-,08,22107,,N,A,C,A,A,H,-,A,D,0,,,,,Y,,A,01,0,0,1,0,0,0,0,0,0,-,-,,,"SAN FRANCISCO","SAN FRANCISCO",-122.45669993,37.78598995
8620702,2018,2018-05-21,3801,2018-04-17,1520,A21266,MISSI,2,5,7,3801,0,0,0,,0,3D13C,"DUBOCE ST","PEARL ST",102.00,E,N,A,-,N,,,,,,,,,,N,4,0,1,2,A,-,07,21658,A,N,B,C,A,A,H,-,A,D,0,,,,,Y,,A,01,0,0,1,0,0,0,0,0,0,-,-,,,"SAN FRANCISCO","SAN FRANCISCO",-122.42346813,37.76981233
8620701,2018,2018-05-18,3801,2018-04-27,1700,380,CENTR,5,5,7,3801,0,0,0,,0,3CAR,"BROADWAY TUNNEL","LARKIN ST",10.00,E,N,A,-,N,,,,,,,,,,N,4,0,1,2,A,-,00,25168,A,N,B,C,A,A,H,-,A,A,0,,,Y,,Y,,A,01,0,0,1,0,0,0,0,0,1,-,-,,,"SAN FRANCISCO","SAN FRANCISCO",-122.42008599,37.79608513
8620698,2018,2018-05-29,3801,2018-04-18,1708,207,CENTR,3,5,7,3801,0,0,0,,0,3A12D,"POWELL ST","PINE ST",5.00,S,N,A,-,N,,,,,,,,,,N,4,0,1,2,A,-,10,21950,A,N,G,B,B,A,H,-,A,A,0,Y,,,,Y,,A,01,0,0,1,0,1,0,0,0,0,-,-,,,"SAN FRANCISCO","SAN FRANCISCO",-122.4089672,37.79109645
8620697,2018,2018-05-18,3801,2018-04-28,0848,2023,PARK,6,5,7,3801,0,0,0,,0,002,"CLARENDON AV","TWIN PEAKS BL",15.00,E,N,A,-,N,,,,,,,,,,N,4,0,1,2,A,-,05,21651,,N,A,G,A,A,H,-,A,D,0,,Y,,,Y,,L,04,0,0,1,0,0,0,1,0,0,-,-,,,"SAN FRANCISCO","SAN FRANCISCO",-122.44846,37.75903
8620694,2018,2018-05-21,3801,2018-04-18,1750,2411,TARAV,3,5,7,3801,0,0,0,,0,3I3B,"LINCOLN WY","12TH AV",86.00,W,N,A,-,N,,,,,,,,,,Y,4,0,2,4,A,-,03,22350,,F,C,C,A,A,H,-,A,D,0,,,,,Y,,A,07,0,0,2,0,0,0,0,0,0,-,-,,,"SAN FRANCISCO","SAN FRANCISCO",-122.46996727,37.76576868
8620693,2018,2018-05-18,3801,2018-04-28,1705,A22327,SOUTH,6,5,7,3801,0,0,0,,0,3B12D,"5TH ST","CLARA ST",0.00,,Y,A,-,N,,,,,,,,,,Y,3,0,1,2,A,-,09,21804,A,N,D,C,A,A,H,-,A,D,0,,,,,Y,,A,01,0,1,0,0,0,0,0,0,0,-,-,,,"SAN FRANCISCO","SAN FRANCISCO",-122.40237988,37.7794499
8620689,2018,2018-05-18,3801,2018-04-28,1951,A23240,SOUTH,6,5,7,3801,0,0,0,,0,901,"BRYANT ST","BOARDMAN ST",70.00,W,N,A,-,N,,,,,,,,,,N,3,0,1,1,A,-,03,22350,,N,H,-,A,A,H,-,B,D,0,,Y,,,Y,,L,04,0,1,0,0,0,0,1,0,0,-,-,,,"SAN FRANCISCO","SAN FRANCISCO",-122.40379564,37.77503755
8620686,2018,2018-05-21,3801,2018-04-19,1942,A22572,SOUTH,4,5,7,3801,0,0,0,,0,3B13D,"7TH ST",MINNA,0.00,,Y,A,-,N,,,,,,,,,,N,3,0,1,2,A,-,10,21950,A,N,G,B,D,A,H,-,B,D,0,Y,,,,Y,,A,01,0,1,0,0,1,0,0,0,0,-,-,,,"SAN FRANCISCO","SAN FRANCISCO",-122.41037994,37.77878996
8620685,2018,2018-05-18,3801,2018-04-29,0227,A21269,CENTR,7,5,7,3801,0,0,0,,0,3A15E,"3RD ST","STEVENSON ST",0.00,,Y,A,-,N,,,,,,,,,,N,3,0,2,2,D,-,00,,,N,D,C,A,B,H,-,C,A,0,,,,,Y,,-,-,0,1,1,0,0,0,0,0,0,-,-,,,"SAN FRANCISCO","SAN FRANCISCO",-122.40297997,37.78703993
8620682,2018,2018-05-21,3801,2018-04-19,2000,1799,TENDE,4,5,7,3801,0,0,0,,0,3J12D,"MARKET ST","8TH ST",20.00,E,N,A,-,N,,,,,,,,,,N,4,0,1,2,A,-,17,22517,,N,B,G,A,A,H,-,C,A,0,,Y,,,Y,,A,01,0,0,1,0,0,0,1,0,0,-,-,,,"SAN FRANCISCO","SAN FRANCISCO",-122.41471034,37.77874828
8620681,2018,2018-05-18,3801,2018-04-21,1521,4084,SOUTH,6,5,7,3801,0,0,0,,0,4B4B,"BAY ST","STOCKTON ST",0.00,,Y,A,-,N,,,,,,,,,,Y,4,0,2,2,A,-,09,21801,A,N,D,C,A,A,H,-,A,A,0,,,,,Y,,A,01,0,0,2,0,0,0,0,0,0,-,-,,,"SAN FRANCISCO","SAN FRANCISCO",-122.4102999,37.80603991
8620678,2018,2018-05-21,3801,2018-04-23,1045,A21789,NORTH,1,5,7,3801,0,0,0,,0,3E13A,"POLK ST","GEARY ST",0.00,N,-,A,-,N,,,,,,,,,,N,4,0,1,3,D,-,00,,,N,C,C,A,A,D,-,A,A,0,,,,,Y,,-,-,0,0,1,0,0,0,0,0,0,-,-,,,"SAN FRANCISCO","SAN FRANCISCO",-122.41973999,37.78589996
8620677,2018,2018-05-18,3801,2018-04-26,1712,1766,TARAV,4,5,7,3801,0,0,0,,0,4B3C,"20TH AV","QUINTARA ST",25.00,N,N,A,-,N,,,,,,,,,,Y,3,0,4,3,A,-,03,22350,,N,C,C,A,A,H,-,A,A,0,,,,,Y,Y,A,01,0,1,3,0,0,0,0,0,0,-,-,,,"SAN FRANCISCO","SAN FRANCISCO",-122.47716513,37.74865856
8620674,2018,2018-05-21,3801,2018-04-22,0212,1413,TENDE,7,5,7,3801,0,0,0,,0,004,"ELLIS ST","MASON ST",108.00,E,N,A,-,N,,,,,,,,,,Y,3,0,2,4,A,-,08,22107,,N,C,E,A,A,H,-,C,D,0,,,,,Y,Y,A,01,0,1,1,0,0,0,0,0,0,-,-,,,"SAN FRANCISCO","SAN FRANCISCO",-122.40909072,37.78537616
8620673,2018,2018-05-18,3801,2018-04-25,1555,293,NORTH,3,5,7,3801,0,0,0,,0,3E12D,"OAK ST","OCTAVIA ST",38.00,W,N,A,-,N,,,,,,,,,,N,4,0,1,2,A,-,04,21703,,N,C,C,A,A,H,-,A,A,0,,,,,Y,,A,01,0,0,1,0,0,0,0,0,0,-,-,,,"SAN FRANCISCO","SAN FRANCISCO",-122.42442978,37.77478307
8620670,2018,2018-05-21,3801,2018-04-23,0714,821,MISSI,1,5,7,3801,0,0,0,,0,13A,"BRYANT ST","15TH ST",103.00,S,N,A,-,N,,,,,,,,,,Y,4,0,2,2,A,-,03,22350,,N,C,C,A,A,H,-,A,A,0,,,,,Y,,A,01,0,0,2,0,0,0,0,0,0,-,-,,,"SAN FRANCISCO","SAN FRANCISCO",-122.41059683,37.76661764
8620669,2018,2018-05-23,3801,2018-04-22,1507,A08210,CENTR,7,5,7,3801,0,0,0,,0,03A,WASHINGTON,MONTGOMERY,0.00,,Y,A,-,N,,,,,,,,,,,4,0,2,2,A,-,00,21461,1,N,H,-,B,A,H,-,A,A,0,Y,Y,,,Y,,N,60,0,0,2,0,1,0,1,0,0,-,-,,,"SAN FRANCISCO","SAN FRANCISCO",-122.40329986,37.7955299
8620666,2018,2018-05-21,3801,2018-04-21,0922,737,NORTH,6,5,7,3801,0,0,0,,0,3E3A,"MCALLISTER ST","FRANKLIN ST",5.00,W,N,A,-,N,,,,,,,,,,N,4,0,1,2,A,-,10,21950,A,N,G,B,B,A,H,-,A,A,0,Y,,,,Y,,A,01,0,0,1,0,1,0,0,0,0,-,-,,,"SAN FRANCISCO","SAN FRANCISCO",-122.42190703,37.77987757
8620665,2018,2018-05-23,3801,2018-04-26,2327,255,INGLE,4,5,7,3801,0,0,0,,0,3H16E,"LISBON ST","RUSSIA ST",318.00,N,N,A,-,N,,,,,,,,,,Y,4,0,1,4,A,-,05,21650,,N,A,E,A,A,H,-,C,D,0,,,,,Y,,A,01,0,0,1,0,0,0,0,0,0,-,-,,,"SAN FRANCISCO","SAN FRANCISCO",-122.43421389,37.72120415
8620663,2018,2018-05-22,3801,2018-04-09,1652,1039,MISSI,1,5,7,3801,0,0,0,,0,006,"S VAN NESS AV","13TH ST",39.00,N,N,A,-,N,,,,,,,,,,N,4,0,1,2,A,-,05,21651,,N,B,G,A,A,H,-,A,A,0,,Y,,,Y,,L,04,0,0,1,0,0,0,1,0,0,-,-,,,"SAN FRANCISCO","SAN FRANCISCO",-122.41774737,37.76982562
8620662,2018,2018-05-21,3801,2018-04-13,0930,2023,PARK,5,5,7,3801,0,0,0,,0,001,"NANCY PELOSI DR","BOWLING GREEN DR",100.00,E,N,A,-,N,,,,,,,,,,N,3,0,1,2,A,-,09,21801,A,N,D,G,A,A,H,-,A,D,0,,Y,,,Y,,A,01,0,1,0,0,0,0,0,0,0,-,-,,,"SAN FRANCISCO","SAN FRANCISCO",,
8620661,2018,2018-05-23,3801,2018-04-27,2252,A21781,INGLE,5,5,7,3801,0,0,0,,0,3H15E,"SICKLES AV","HURON AV",0.00,,Y,A,-,N,,,,,,,,,,Y,4,0,1,2,A,-,09,21800,A,N,D,C,A,A,H,-,C,A,0,,,,,Y,Y,A,01,0,0,1,0,0,0,0,0,0,-,-,,,"SAN FRANCISCO","SAN FRANCISCO",-122.45323993,37.70917993
8620657,2018,2018-05-23,3801,2018-04-27,2100,901,INGLE,5,5,7,3801,0,0,0,,0,3H16E,"CAMPBELL AV","RUTLAND ST",0.00,,Y,A,-,N,,,,,,,,,,Y,4,0,1,2,A,-,09,21802,B,N,D,C,A,A,H,-,C,A,0,,,,,Y,,A,01,0,0,1,0,0,0,0,0,0,-,-,,,"SAN FRANCISCO","SAN FRANCISCO",-122.40619995,37.7152499
8620655,2018,2018-05-22,3801,2018-04-07,0722,1182,TENDE,6,5,7,3801,0,0,0,,0,3J13A,"TURK ST","HYDE ST",0.00,,Y,B,-,N,,,,,,,,,,N,4,0,1,2,A,-,10,21950,A,N,A,B,B,B,H,-,A,A,0,Y,,,,Y,,D,22,0,0,1,0,1,0,0,0,0,-,-,,,"SAN FRANCISCO","SAN FRANCISCO",-122.41568995,37.78256989
8620654,2018,2018-05-21,3801,2018-04-27,0845,737,NORTH,5,5,7,3801,0,0,0,,0,3E13A,"BROADWAY ST","GOUGH ST",0.00,,Y,A,-,N,,,,,,,,,,N,4,0,1,3,A,-,12,21453,A,N,D,C,A,A,H,-,A,A,0,,,,,Y,,A,01,0,0,1,0,0,0,0,0,0,-,-,,,"SAN FRANCISCO","SAN FRANCISCO",-122.42669991,37.7953199
8620651,2018,2018-05-22,3801,2018-04-15,1621,1666,PARK,7,5,7,3801,0,0,0,,0,4CAR,"ROOSEVELT WY","14TH ST",0.00,,Y,C,G,N,,,,,,,,,,N,4,0,1,1,A,-,03,22350,,N,F,A,A,B,H,-,A,A,0,,Y,,,Y,,L,04,0,0,1,0,0,0,1,0,0,-,-,,,"SAN FRANCISCO","SAN FRANCISCO",-122.4372899,37.76722991
8620650,2018,2018-05-21,3801,2018-04-26,0850,2395,MISSI,4,5,7,3801,0,0,0,,0,3D16A,"DOLORES ST","26TH ST",0.00,,Y,A,-,N,,,,,,,,,,N,4,0,1,2,A,-,12,22450,A,N,D,G,A,A,H,-,A,D,0,,Y,,,Y,,A,01,0,0,1,0,0,0,1,0,0,-,-,,,"SAN FRANCISCO","SAN FRANCISCO",-122.42493,37.74861989
8620646,2018,2018-05-21,3801,2018-04-24,1551,A23240,SOUTH,2,5,7,3801,0,0,0,,0,901,"MISSION ST","YERBA BUENA LN",0.00,,-,A,-,N,,,,,,,,,,N,3,0,1,2,A,-,08,22107,,N,D,G,A,A,H,-,A,A,0,,Y,,,Y,,L,04,0,1,0,0,0,0,1,0,0,-,-,,,"SAN FRANCISCO","SAN FRANCISCO",-122.40346998,37.78509998
8620645,2018,2018-05-23,3801,2018-04-28,0844,1764,TENDE,6,5,7,3801,0,0,0,,0,4B1F,"EDDY ST","LARKIN ST",4.00,W,N,A,-,N,,,,,,,,,,N,3,0,1,2,A,-,10,21950,A,N,G,B,B,A,H,-,A,A,0,Y,,,,Y,,A,01,0,1,0,0,1,0,0,0,0,-,-,,,"SAN FRANCISCO","SAN FRANCISCO",-122.41753366,37.78329819
8620643,2018,2018-05-29,3801,2018-04-02,0947,887,CENTR,1,5,7,3801,0,0,0,,0,3A14A,"POST ST","POWELL ST",135.00,W,N,A,-,N,,,,,,,,,,N,4,0,1,2,A,-,11,21950,B,N,A,B,D,A,H,-,A,A,0,Y,,,,Y,,N,60,0,0,1,0,1,0,0,0,0,-,-,,,"SAN FRANCISCO","SAN FRANCISCO",-122.40885947,37.78822235
8620642,2018,2018-05-21,3801,2018-04-26,1501,2209,3801,4,5,7,3801,0,0,0,,0,3D45C,"CLIPPER ST","DIAMOND ST",0.00,,Y,A,-,N,,,,,,,,,,N,2,0,1,2,A,-,12,22450,A,N,A,G,A,A,H,-,A,A,0,,Y,,,Y,,L,04,1,0,0,0,0,0,1,0,0,-,-,,,"SAN FRANCISCO","SAN FRANCISCO",-122.4360699,37.74877996
8620029,2018,2018-06-07,3801,2018-04-15,0720,1150,NORTH,7,5,7,3801,0,0,0,,0,3E15A,"BAY ST","OCTAVIA ST",0.00,,Y,A,-,N,,,,,,,,,,Y,4,0,2,2,A,-,09,21801,A,N,A,C,A,A,H,-,A,A,0,,,,,Y,,A,01,0,0,2,0,0,0,0,0,0,-,-,,,"SAN FRANCISCO","SAN FRANCISCO",-122.43002992,37.80352991
8620025,2018,2018-06-07,3801,2018-04-07,1445,1150,NORTH,6,5,7,3801,0,0,0,,0,,"BUSH ST","GOUGH ST",0.00,,Y,A,-,N,,,,,,,,,,Y,4,0,2,2,A,-,08,22100,A,N,B,C,A,A,H,-,A,A,0,,,,,Y,,A,01,0,0,2,0,0,0,0,0,0,-,-,,,"SAN FRANCISCO","SAN FRANCISCO",-122.42523992,37.78806989
8619968,2018,2018-06-06,3801,2018-04-30,1440,A22586,TARAV,1,5,7,3801,0,0,0,,0,3I11A,"MOUNT VERNON AV","LOUISBURG ST",0.00,,Y,A,-,N,,,,,,,,,,N,4,0,1,2,A,-,12,22450,A,N,B,C,A,A,H,-,A,A,0,,,,,Y,,A,01,0,0,1,0,0,0,0,0,0,-,-,,,"SAN FRANCISCO","SAN FRANCISCO",-122.45082996,37.71933993
8619680,2018,2018-06-06,3801,2018-04-11,1915,488,INGEL,3,5,7,3801,0,0,0,,0,3H16E,"SILVER AV","CAMELLIA AV",10.00,N,N,C,-,N,,,,,,,,,,N,3,0,1,2,A,-,10,21950,A,N,G,B,B,B,H,-,C,D,0,Y,,,,Y,,A,01,0,1,0,0,1,0,0,0,0,-,-,,,"SAN FRANCISCO","SAN FRANCISCO",-122.43232955,37.72927429
8619676,2018,2018-06-06,3801,2018-04-11,2200,A21781,INGLE,3,5,7,3801,0,0,0,,0,3H13E,"COLONIAL WY","COLONIAL WY 15",0.00,,-,A,-,N,,,,,,,,,,,4,0,1,2,A,-,05,21650,,N,A,E,A,B,H,-,C,D,0,,,,,Y,,A,01,0,0,1,0,0,0,0,0,0,-,-,,,"SAN FRANCISCO","SAN FRANCISCO",,
8619660,2018,2018-06-06,3801,2018-04-07,2112,246,COI,6,5,7,3801,0,0,0,,0,3I15E,"19TH AV","SLOAT AV",0.00,,Y,A,-,N,,,,,,,,,,N,4,0,1,2,A,-,17,21451,A,N,D,C,A,A,H,-,C,A,0,,,,,Y,,A,01,0,0,1,0,0,0,0,0,0,-,-,,,"SAN FRANCISCO","SAN FRANCISCO",-122.4751299,37.73471991
8619280,2018,2018-05-22,3801,2018-04-03,1808,321,3G15D,2,5,7,3801,0,0,0,,0,3G15D,"19TH AV","BALBOA ST",0.00,,Y,A,-,N,,,,,,,,,,Y,4,0,2,2,A,-,03,22350,,N,C,C,A,A,H,-,A,A,0,,,,,Y,,A,01,0,0,2,0,0,0,0,0,0,-,-,,,"SAN FRANCISCO","SAN FRANCISCO",-122.4780599,37.77659999
8619279,2018,2018-05-21,3801,2018-04-12,1641,A22200,MISSI,4,5,7,3801,0,0,0,,0,3D15D,"16TH ST","S VAN NESS AV",145.00,E,N,A,-,N,,,,,,,,,,N,3,0,1,2,A,-,10,21952,,F,G,B,F,A,H,-,A,D,0,Y,,,,Y,Y,A,01,0,1,0,0,1,0,0,0,0,-,-,,,"SAN FRANCISCO","SAN FRANCISCO",-122.41698977,37.76521126
8619278,2018,2018-05-21,3801,2018-04-04,1701,A11409,SOUTH,3,5,7,3801,0,0,0,,0,0B5,"TOWNSEND ST","TOWNSEND ST 350",30.00,S,N,B,-,N,,,,,,,,,,N,4,0,1,2,A,-,07,21658,A,N,B,G,A,A,H,-,A,D,0,,Y,,,Y,,A,01,0,0,1,0,0,0,1,0,0,-,-,,,"SAN FRANCISCO","SAN FRANCISCO",,
8619277,2018,2018-05-21,3801,2018-04-15,2120,2452,RICHM,7,5,7,3801,0,0,0,,0,3G62,"CROSSOVER DR","MARTIN LUTHER KING BL",0.00,,Y,A,-,N,,,,,,,,,,Y,4,0,1,2,A,-,09,21801,A,N,A,C,A,B,H,-,C,A,0,,,,,Y,,A,01,0,0,1,0,0,0,0,0,0,-,-,,,"SAN FRANCISCO","SAN FRANCISCO",-122.47737996,37.76604
8619276,2018,2018-05-22,3801,2018-04-11,2125,233,MISSI,3,5,7,3801,0,0,0,,0,0D4,"25TH ST","ORANGE ALY",0.00,,Y,A,-,N,,,,,,,,,,N,3,0,1,2,A,-,21,22106,,N,G,B,B,A,H,-,C,D,0,Y,,,,Y,Y,A,01,0,1,0,0,1,0,0,0,0,-,-,,,"SAN FRANCISCO","SAN FRANCISCO",-122.41994999,37.75054999
8619275,2018,2018-05-21,3801,2018-04-14,1400,463,INGLE,6,5,7,3801,0,0,0,,0,3H11C,"MISSION ST","CORTLAND AV",0.00,,Y,A,-,N,,,,,,,,,,N,4,0,1,2,A,-,06,21750,A,F,B,C,A,A,H,-,A,D,0,,,,,Y,,A,01,0,0,1,0,0,0,0,0,0,-,-,,,"SAN FRANCISCO","SAN FRANCISCO",-122.42283986,37.74100999
8619274,2018,2018-05-21,3801,2018-04-05,1000,1973,MISSI,4,5,7,3801,0,0,0,,0,,"DIVISION ST","10TH ST",0.00,,Y,A,-,N,,,,,,,,,,N,4,0,2,2,A,-,03,22350,,N,C,C,A,A,H,-,A,A,0,,,,,Y,,A,01,0,0,2,0,0,0,0,0,0,-,-,,,"SAN FRANCISCO","SAN FRANCISCO",-122.40833987,37.76919998
8619273,2018,2018-05-21,3801,2018-04-16,0211,172,TARAV,1,5,7,3801,0,0,0,,0,3I1E,"SLOAT BL","37TH AV",39.00,W,N,C,-,N,,,,,,,,,,Y,4,0,1,1,A,-,03,22350,,F,A,I,A,B,H,-,C,D,0,,,,,Y,,A,01,0,0,1,0,0,0,0,0,0,-,-,,,"SAN FRANCISCO","SAN FRANCISCO",-122.49453455,37.73398224
8619272,2018,2018-05-22,3801,2018-04-08,2150,916,BAYVI,7,5,7,3801,0,0,0,,0,3C14E,"SAN BRUNO AV","WOOLSEY ST",0.00,,Y,A,-,N,,,,,,,,,,N,2,0,1,2,A,-,10,21950,A,F,D,B,B,A,H,-,C,A,0,Y,,,,Y,,A,01,1,0,0,0,1,0,0,0,0,-,-,,,"SAN FRANCISCO","SAN FRANCISCO",-122.40260996,37.72523994
8619271,2018,2018-05-21,3801,2018-04-16,1935,276,MISSI,1,5,7,3801,0,0,0,,0,3D14D,"24TH ST","SHOTWELL ST",0.00,,Y,B,G,N,,,,,,,,,,N,3,0,1,2,A,-,05,21650,1,N,G,B,B,A,H,-,A,A,0,Y,Y,,,Y,,L,04,0,1,0,0,1,0,0,0,0,-,-,,,"SAN FRANCISCO","SAN FRANCISCO",-122.41517994,37.75244991
8619270,2018,2018-05-24,3801,2018-04-05,1030,2365,NORTH,4,5,7,3801,0,0,0,,0,"4 CAR","PINE ST","BUCHANAN ST",22.00,E,N,B,-,N,,,,,,,,,,N,4,0,2,2,A,-,21,22106,,N,B,C,A,A,H,-,A,D,0,,,,,Y,,A,01,0,0,2,0,0,0,0,0,0,-,-,,,"SAN FRANCISCO","SAN FRANCISCO",-122.43027482,37.78837963
8619268,2018,2018-05-22,3801,2018-04-07,1731,834,SOUTH,6,5,7,3801,0,0,0,,0,3B61,"TERRY FRANCOIS BL","MISSION ROCK ST",0.00,,Y,G,-,N,,,,,,,,,,N,3,0,1,1,C,-,18,,,N,H,A,A,A,A,-,A,D,0,,Y,,,Y,,-,-,0,1,0,0,0,0,1,0,0,-,-,,,"SAN FRANCISCO","SAN FRANCISCO",,
8619267,2018,2018-05-21,3801,2018-04-19,1826,2017,MISSI,4,5,7,3801,0,0,0,,0,3D41D,"16TH ST","VALENCIA ST",162.00,W,N,A,-,N,,,,,,,,,,N,3,0,1,2,A,-,17,22517,,N,H,G,A,A,H,-,A,A,0,,Y,,,Y,,A,01,0,1,0,0,0,0,1,0,0,-,-,,,"SAN FRANCISCO","SAN FRANCISCO",-122.42244887,37.76487507
8619266,2018,2018-05-25,3801,2018-04-01,0206,1061,SOUTH,7,5,7,3801,0,0,0,,0,3B12E,"HAWTHORNE ST","FOLSOM ST",64.00,S,N,A,-,N,,,,,,,,,,N,4,0,1,2,A,-,03,22350,,M,C,C,A,A,H,-,C,A,0,,,,,Y,,A,01,0,0,1,0,0,0,0,0,0,-,-,,,"SAN FRANCISCO","SAN FRANCISCO",-122.39767607,37.78455356
8619265,2018,2018-05-21,3801,2018-04-16,1750,2443,CENTR,1,5,7,3801,0,0,0,,0,901,"HALLECK ST","LEIDESDORFF ST",25.00,E,N,A,-,N,,,,,,,,,,N,4,0,1,2,A,-,11,21956,A,N,G,G,D,A,H,-,A,A,0,Y,,,,Y,,A,01,0,0,1,0,1,0,0,0,0,-,-,,,"SAN FRANCISCO","SAN FRANCISCO",-122.40198441,37.79344019