CASE_ID,ACCIDENT_YEAR,PROC_DATE,JURIS,COLLISION_DATE,COLLISION_TIME,OFFICER_ID,REPORTING_DISTRICT,DAY_OF_WEEK,CHP_SHIFT,POPULATION,CNTY_CITY_LOC,SPECIAL_COND,BEAT_TYPE,CHP_BEAT_TYPE,CITY_DIVISION_LAPD,CHP_BEAT_CLASS,BEAT_NUMBER,PRIMARY_RD,SECONDARY_RD,DISTANCE,DIRECTION,INTERSECTION,WEATHER_1,WEATHER_2,STATE_HWY_IND,CALTRANS_COUNTY,CALTRANS_DISTRICT,STATE_ROUTE,ROUTE_SUFFIX,POSTMILE_PREFIX,POSTMILE,LOCATION_TYPE,RAMP_INTERSECTION,SIDE_OF_HWY,TOW_AWAY,COLLISION_SEVERITY,NUMBER_KILLED,NUMBER_INJURED,PARTY_COUNT,PRIMARY_COLL_FACTOR,PCF_CODE_OF_VIOL,PCF_VIOL_CATEGORY,PCF_VIOLATION,PCF_VIOL_SUBSECTION,HIT_AND_RUN,TYPE_OF_COLLISION,MVIW,PED_ACTION,ROAD_SURFACE,ROAD_COND_1,ROAD_COND_2,LIGHTING,CONTROL_DEVICE,CHP_ROAD_TYPE,PEDESTRIAN_ACCIDENT,BICYCLE_ACCIDENT,MOTORCYCLE_ACCIDENT,TRUCK_ACCIDENT,NOT_PRIVATE_PROPERTY,ALCOHOL_INVOLVED,STWD_VEHTYPE_AT_FAULT,CHP_VEHTYPE_AT_FAULT,COUNT_SEVERE_INJ,COUNT_VISIBLE_INJ,COUNT_COMPLAINT_PAIN,COUNT_PED_KILLED,COUNT_PED_INJURED,COUNT_BICYCLIST_KILLED,COUNT_BICYCLIST_INJURED,COUNT_MC_KILLED,COUNT_MC_INJURED,PRIMARY_RAMP,SECONDARY_RAMP,LATITUDE,LONGITUDE,COUNTY,CITY,POINT_X,POINT_Y
8603012,2018,2018-05-22,3801,2018-04-04,1603,2709,COF,3,5,7,3801,0,0,0,,0,3F62,"MASONIC AV","GOLDEN GATE AV",0.00,,Y,A,-,N,,,,,,,,,,N,3,0,1,2,A,-,09,21801,A,N,D,G,A,A,H,-,A,A,0,,Y,,,Y,,L,04,0,1,0,0,0,0,1,0,0,-,-,,,"SAN FRANCISCO","SAN FRANCISCO",-122.44683987,37.77766993
8603009,2018,2018-05-22,3801,2018-04-17,1500,917,TENDE,2,5,7,3801,0,0,0,,0,4B4E,"LARKIN ST","EDDY ST",0.00,,Y,A,-,N,,,,,,,,,,Y,4,0,1,2,A,-,10,21950,A,F,G,B,B,A,H,-,A,A,0,Y,,,,Y,,A,01,0,0,1,0,1,0,0,0,0,-,-,,,"SAN FRANCISCO","SAN FRANCISCO",-122.41751985,37.78329991
8603008,2018,2018-05-22,3801,2018-04-04,1212,4026,MISSI,3,5,7,3801,0,0,0,,0,,"MARKET ST","DIAMOND ST",0.00,,Y,A,-,N,,,,,,,,,,Y,3,0,1,2,A,-,09,21801,A,N,D,C,A,A,H,-,A,A,0,,,Y,,Y,,A,01,0,1,0,0,0,0,0,0,1,-,-,,,"SAN FRANCISCO","SAN FRANCISCO",-122.43729993,37.76189999
8603005,2018,2018-05-22,3801,2018-04-22,1805,A22407,MISSI,7,5,7,3801,0,0,0,,0,002,"CHURCH ST","REFERENCE POINT",13.00,S,N,A,-,N,,,,,,,,,,Y,4,0,2,2,A,-,08,22107,,N,D,C,A,A,-,-,A,D,0,,,,,Y,,-,-,0,0,2,0,0,0,0,0,0,-,-,,,"SAN FRANCISCO","SAN FRANCISCO",,
8603004,2018,2018-05-22,3801,2018-04-04,0800,399,PARK,3,5,7,3801,0,0,0,,0,0F1,"7TH AV","LAWTON ST",0.00,,Y,A,-,N,,,,,,,,,,N,4,0,1,2,A,-,08,22107,,F,B,G,A,A,H,-,A,D,0,,Y,,,Y,,-,-,0,0,1,0,0,0,1,0,0,-,-,,,"SAN FRANCISCO","SAN FRANCISCO",-122.46382993,37.75853998
8603001,2018,2018-05-22,3801,2018-04-21,1845,004264,BAYVI,6,5,7,3801,0,0,0,,0,3C2,"CARROLL AV","QUINT ST",60.00,N,N,A,-,N,,,,,,,,,,Y,4,0,1,2,A,-,03,22350,,M,C,E,A,A,H,-,A,D,0,,,,,Y,,A,01,0,0,1,0,0,0,0,0,0,-,-,,,"SAN FRANCISCO","SAN FRANCISCO",-122.40288352,37.73036042
8603000,2018,2018-05-22,3801,2018-04-03,1335,4329,SOUTH,2,5,7,3801,0,0,0,,0,0B3,"6TH ST","HARRISON ST",0.00,,Y,A,-,N,,,,,,,,,,N,3,0,1,2,A,-,10,21950,A,N,G,B,B,A,H,-,A,A,0,Y,,,,Y,,-,-,0,1,0,0,1,0,0,0,0,-,-,,,"SAN FRANCISCO","SAN FRANCISCO",-122.4040799,37.77730992
8602996,2018,2018-05-22,3801,2018-04-03,0936,529,TARAV,2,5,7,3801,0,0,0,,0,3I2A,"40TH AV","VICENTE ST",0.00,,Y,A,-,N,,,,,,,,,,N,4,0,1,2,A,-,12,22450,A,N,H,G,A,A,H,-,A,A,0,,Y,,,Y,,L,04,0,0,1,0,0,0,1,0,0,-,-,,,"SAN FRANCISCO","SAN FRANCISCO",-122.49790993,37.73833995
8602993,2018,2018-05-22,3801,2018-04-18,1725,4041,TARVA,3,5,7,3801,0,0,0,,0,3I15D,"BROTHERHOOD WY","LAKE MERCED BL",0.00,,Y,A,-,N,,,,,,,,,,N,4,0,2,3,A,-,03,22350,,N,C,C,A,A,H,-,A,D,0,,,,,Y,,A,08,0,0,2,0,0,0,0,0,0,-,-,,,"SAN FRANCISCO","SAN FRANCISCO",-122.48532995,37.71463989
8602992,2018,2018-05-22,3801,2018-04-08,1550,1605,NORTH,7,5,7,3801,0,0,0,,0,3E11D,"HAYES ST","PIERCE ST",160.00,E,N,A,-,N,,,,,,,,,,Y,4,0,1,5,A,-,06,21750,A,F,B,C,A,A,H,-,A,D,0,,,,,Y,,-,,0,0,1,0,0,0,0,0,0,-,-,,,"SAN FRANCISCO","SAN FRANCISCO",-122.43394281,37.77547751
8602989,2018,2018-05-22,3801,2018-04-19,2344,A09481,MISSI,4,5,7,3801,0,0,0,,0,3D15E,"DUBOCE AV","MISSION ST",43.00,W,N,A,-,N,,,,,,,,,,N,4,0,1,2,A,-,11,21955,,F,G,B,D,A,H,-,C,A,0,Y,,,,Y,,N,60,0,0,1,0,1,0,0,0,0,-,-,,,"SAN FRANCISCO","SAN FRANCISCO",-122.42032881,37.76999
8602988,2018,2018-06-12,3801,2018-04-08,0915,1116,MISSI,7,5,7,3801,0,0,0,,0,3D15A,"22ND ST","VALENCIA ST",0.00,,Y,A,-,N,,,,,,,,,,N,4,0,1,2,A,-,09,21801,A,N,D,G,A,A,H,-,A,A,0,,Y,,,Y,,A,01,0,0,1,0,0,0,1,0,0,-,-,,,"SAN FRANCISCO","SAN FRANCISCO",-122.42096986,37.75530992
8602985,2018,2018-05-22,3801,2018-04-20,0941,740,MISSI,5,5,7,3801,0,0,0,,0,0D1,"18TH ST","CHURCH ST",0.00,,Y,B,-,N,,,,,,,,,,N,3,0,1,2,A,-,03,22350,,F,C,G,A,A,-,-,C,D,0,,Y,,,Y,,A,01,0,1,0,0,0,0,1,0,0,-,-,,,"SAN FRANCISCO","SAN FRANCISCO",-122.42837989,37.76129991
8602983,2018,2018-05-22,3801,2018-04-25,1410,A10333,NORTH,3,5,7,3801,0,0,0,,0,3E1C,"TURK ST","PIERCE ST",7.00,E,N,A,-,N,,,,,,,,,,N,4,0,1,2,A,-,10,21950,A,F,G,B,B,A,H,-,A,A,0,Y,,,,Y,,A,01,0,0,1,0,1,0,0,0,0,-,-,,,"SAN FRANCISCO","SAN FRANCISCO",-122.43540607,37.78008299
8602981,2018,2018-05-22,3801,2018-04-19,1053,4005,MISSI,4,5,7,3801,0,0,0,,0,901,"17TH ST","S VAN NESS AV",120.00,E,N,A,-,N,,,,,,,,,,N,4,0,1,2,A,-,06,21750,A,N,D,C,A,A,H,-,A,D,0,,,Y,,Y,,C,02,0,0,1,0,0,0,0,0,1,-,-,,,"SAN FRANCISCO","SAN FRANCISCO",-122.41692567,37.763582
8602980,2018,2018-05-22,3801,2018-04-08,2009,1375,MISSI,7,5,7,3801,0,0,0,,0,3D11E,"MARKET ST","SANCHEZ ST",0.00,,Y,A,-,N,,,,,,,,,,N,4,0,1,2,A,-,04,21703,,F,C,C,A,A,H,-,C,A,0,,,,,Y,,A,07,0,0,1,0,0,0,0,0,0,-,-,,,"SAN FRANCISCO","SAN FRANCISCO",-122.4310099,37.76597991
8602979,2018,2018-05-22,3801,2018-04-30,0453,867,SOUTH,1,5,7,3801,0,0,0,,0,002,"5TH ST","HOWARD ST",0.00,,Y,B,-,N,,,,,,,,,,N,4,0,1,2,A,-,10,21950,A,F,G,B,B,A,H,-,A,A,0,Y,,,,Y,,A,01,0,0,1,0,1,0,0,0,0,-,-,,,"SAN FRANCISCO","SAN FRANCISCO",-122.40492993,37.78150996
8602976,2018,2018-05-22,3801,2018-04-03,0947,143,3A,2,5,7,3801,0,0,0,,0,3A4,"NORTH POINT ST","POWELL ST",0.00,,Y,A,-,N,,,,,,,,,,N,4,0,1,2,A,-,10,21950,A,N,G,B,B,A,H,-,A,A,0,Y,,,,Y,,A,01,0,0,1,0,1,0,0,0,0,-,-,,,"SAN FRANCISCO","SAN FRANCISCO",-122.41212997,37.80675994
8602975,2018,2018-05-25,3801,2018-04-28,0127,364,TENDE,6,5,7,3801,0,0,0,,0,3J15E,"HYDE ST","TURK ST",7.00,S,N,A,-,N,,,,,,,,,,N,4,0,1,2,A,-,11,21955,,N,G,B,D,A,H,-,C,A,0,Y,,,,Y,Y,N,60,0,0,1,0,1,0,0,0,0,-,-,,,"SAN FRANCISCO","SAN FRANCISCO",-122.41568608,37.78255102
8602973,2018,2018-05-22,3801,2018-04-09,1950,A22404,PARK,1,5,7,3801,0,0,0,,0,3F13D,"CHURCH ST","RESERVOIR ST",0.00,,Y,A,-,N,,,,,,,,,,N,4,0,1,2,A,-,10,21950,A,N,A,B,B,A,H,-,C,D,0,Y,,,,Y,Y,A,01,0,0,1,0,1,0,0,0,0,-,-,,,"SAN FRANCISCO","SAN FRANCISCO",-122.42903992,37.76866994
8602972,2018,2018-05-22,3801,2018-04-03,2307,A22200,MISSI,2,5,7,3801,0,0,0,,0,3D13D,"CHURCH ST","25TH ST",24.00,S,N,A,-,N,,,,,,,,,,Y,2,0,1,3,A,-,03,22350,,F,C,E,A,A,H,-,C,D,0,,,,,Y,,A,01,1,0,0,0,0,0,0,0,0,-,-,,,"SAN FRANCISCO","SAN FRANCISCO",-122.42727594,37.75003415
8602971,2018,2018-05-22,3801,2018-04-06,1647,271,MISSI,5,5,7,3801,0,0,0,,0,004,"CESAR CHAVEZ ST","FOLSOM ST",0.00,,Y,B,C,N,,,,,,,,,,Y,4,0,1,2,A,-,09,21800,A,N,D,C,A,D,-,-,A,A,0,,,Y,,Y,,A,01,0,0,1,0,0,0,0,0,1,-,-,,,"SAN FRANCISCO","SAN FRANCISCO",-122.41367997,37.74826997
8602968,2018,2018-05-22,3801,2018-04-04,1621,402,3A,3,5,7,3801,0,0,0,,0,3A1,"TAYLOR ST","PACIFIC ST",0.00,,Y,A,-,N,,,,,,,,,,N,3,0,1,2,A,-,12,22450,A,N,D,B,E,A,H,-,A,A,0,Y,,,,Y,,N,60,0,1,0,0,1,0,0,0,0,-,-,,,"SAN FRANCISCO","SAN FRANCISCO",-122.41335987,37.79608996
8602967,2018,2018-05-22,3801,2018-04-06,1700,728,INGLE,5,5,7,3801,0,0,0,,0,3H15D,"ITALY AV","ATHENS ST",0.00,,Y,C,-,N,,,,,,,,,,Y,4,0,1,2,A,-,09,21804,A,N,D,C,A,B,H,-,A,A,0,,,,,Y,,A,01,0,0,1,0,0,0,0,0,0,-,-,,,"SAN FRANCISCO","SAN FRANCISCO",-122.43313989,37.71541995
8602964,2018,2018-05-22,3801,2018-04-19,1641,A10726,NORTH,4,5,7,3801,0,0,0,,0,3E13D,"POLK ST","SUTTER ST",0.00,,Y,A,-,N,,,,,,,,,,N,4,0,1,2,A,-,08,22107,,N,D,G,A,A,D,-,A,D,0,,Y,,,Y,,A,01,0,0,1,0,0,0,1,0,0,-,-,,,"SAN FRANCISCO","SAN FRANCISCO",-122.42009991,37.78775993
8602963,2018,2018-05-22,3801,2018-04-06,0642,1620,BAYVI,5,5,7,3801,0,0,0,,0,3C13A,"MARIPOSA ST","SOUTH DR",0.00,,Y,C,-,N,,,,,,,,,,Y,4,0,1,2,A,-,09,21453,C,F,D,C,A,B,H,-,B,A,0,,,,,Y,,A,01,0,0,1,0,0,0,0,0,0,-,-,,,"SAN FRANCISCO","SAN FRANCISCO",,
8602887,2018,2018-05-22,3801,2018-03-20,0620,1057,INGLE,2,5,7,3801,0,0,0,,0,4B102,GENEVA,"SAN JOSE",6.00,W,N,C,-,N,,,,,,,,,,N,2,0,1,2,A,-,11,21453,D,N,G,B,B,B,H,-,C,A,0,Y,,,,Y,,N,60,1,0,0,0,1,0,0,0,0,-,-,,,"SAN FRANCISCO","SAN FRANCISCO",-122.44664853,37.72073741
8602795,2018,2018-05-22,3801,2018-04-25,1814,702,PARK,3,5,7,3801,0,0,0,,0,3F43B,"HAIGHT ST","CLAYTON ST",150.00,W,N,A,-,N,,,,,,,,,,N,4,0,1,3,A,-,08,22107,,N,B,E,E,A,H,-,B,D,0,Y,,,,Y,,I,20,0,0,1,0,1,0,0,0,0,-,-,,,"SAN FRANCISCO","SAN FRANCISCO",-122.44909046,37.76972507
8602770,2018,2018-05-25,3801,2018-04-21,0421,4347,TARAV,6,5,7,3801,0,0,0,,0,3I11E,"LAWTON ST","11TH AV",0.00,,Y,A,-,N,,,,,,,,,,Y,3,0,3,2,A,-,12,22450,A,F,D,C,A,A,H,-,C,A,0,,,,,Y,,A,01,0,1,2,0,0,0,0,0,0,-,-,,,"SAN FRANCISCO","SAN FRANCISCO",-122.46806986,37.75833993
8602766,2018,2018-05-24,3801,2018-04-19,0900,887,CENTR,4,5,7,3801,0,0,0,,0,3A15A,"FRONT ST","SACRAMENTO ST",0.00,,Y,A,-,N,,,,,,,,,,N,3,0,1,2,A,-,08,22107,,F,A,G,A,A,H,-,A,A,0,,Y,,Y,Y,,F,26,0,1,0,0,0,0,1,0,0,-,-,,,"SAN FRANCISCO","SAN FRANCISCO",-122.39898996,37.79432992
8602762,2018,2018-05-24,3801,2018-04-17,0710,A20807,INGLE,2,5,7,3801,0,0,0,,0,005,"CORDOVA ST","CHICAGO WY",0.00,,Y,A,-,N,,,,,,,,,,Y,4,0,1,2,A,-,04,21703,,N,C,C,A,A,H,-,A,D,0,,,,Y,Y,,A,01,0,0,1,0,0,0,0,0,0,-,-,,,"SAN FRANCISCO","SAN FRANCISCO",-122.43438997,37.70889995
8602758,2018,2018-05-30,3801,2018-04-13,1532,RAYMOND,CENTR,5,5,7,3801,0,0,0,,0,3A13C,"MARKET ST","FRONT ST",0.00,,Y,A,-,N,,,,,,,,,,N,3,0,1,2,A,-,-,,,N,B,C,E,A,H,-,A,A,0,Y,,,,Y,Y,N,60,0,1,0,0,1,0,0,0,0,-,-,,,"SAN FRANCISCO","SAN FRANCISCO",-122.39833993,37.79168989
8602750,2018,2018-05-29,3801,2018-03-24,1723,546,SOUTH,6,5,7,3801,0,0,0,,0,4B4H,"MISSION ST","S VAN NESS AV",92.00,E,N,B,-,N,,,,,,,,,,N,3,0,1,2,A,-,11,21955,,N,G,B,D,A,H,-,A,D,0,Y,,,,Y,Y,N,60,0,1,0,0,1,0,0,0,0,-,-,37.77291,-122.41862,"SAN FRANCISCO","SAN FRANCISCO",-122.4183979,37.77328302
8602746,2018,2018-05-23,3801,2018-03-27,0900,2131,RICHM,2,5,7,3801,0,0,0,,0,4B104,"GEARY BL","SPRUCE ST",0.00,,Y,A,-,N,,,,,,,,,,N,4,0,1,2,A,-,09,21801,B,N,D,C,A,A,H,-,A,A,0,,,,,Y,,D,22,0,0,1,0,0,0,0,0,0,-,-,,,"SAN FRANCISCO","SAN FRANCISCO",-122.45317988,37.78178997
8602742,2018,2018-05-23,3801,2018-04-01,0801,1116,MISSI,7,5,7,3801,0,0,0,,0,3D13A,"MISSION ST","23RD ST",212.00,S,N,A,-,N,,,,,,,,,,Y,4,0,1,2,A,-,04,21703,,N,C,C,A,A,H,-,A,D,0,,,,,Y,,A,01,0,0,1,0,0,0,0,0,0,-,-,,,"SAN FRANCISCO","SAN FRANCISCO",-122.41855716,37.7532486
8602722,2018,2018-05-25,3801,2018-04-04,2147,446,NORTH,3,5,7,3801,0,0,0,,0,0E3,"VAN NESS AV","HAYES ST",0.00,,Y,A,-,N,,,,,,,,,,Y,3,0,4,2,D,-,00,,,N,A,C,A,A,D,H,C,A,0,,,,,Y,,-,-,0,1,3,0,0,0,0,0,0,-,-,,,"SAN FRANCISCO","SAN FRANCISCO",-122.41967994,37.77728997
8601461,2018,2018-07-24,3801,2018-03-24,0900,242,NORTH,6,5,7,3801,0,0,0,,0,3CAR,"VAN NESS AV","REDWOOD ST",34.00,S,N,B,-,Y,SF,4,101,-,T,5.224,I,6,S,Y,4,0,1,1,A,-,05,21460,A,F,A,I,A,A,D,-,A,D,0,,,,,Y,,A,01,0,0,1,0,0,0,0,0,0,-,-,,,"SAN FRANCISCO","SAN FRANCISCO",-122.42043031,37.78048922
8601456,2018,2018-08-08,3801,2018-03-31,0600,242,NORTH,6,5,7,3801,0,0,0,,0,3CAR,"VAN NESS AV","ELLIS ST",0.00,,Y,A,-,Y,SF,4,101,-,-,5.480,I,5,N,Y,3,0,2,2,D,-,00,,,N,D,C,A,A,H,-,C,A,0,,,,,Y,,-,-,0,1,1,0,0,0,0,0,0,-,-,,,"SAN FRANCISCO","SAN FRANCISCO",-122.42093362,37.78379549
8601444,2018,2018-07-03,3801,2018-03-23,1351,829,BAYVI,5,5,7,3801,0,0,0,,0,3C13C,"EVANS AV","SELBY ST",7.00,N,-,A,-,N,,,,,,,,,,N,3,0,1,2,A,-,11,21954,A,N,G,B,D,A,H,-,A,D,0,Y,,,,Y,,N,60,0,1,0,0,1,0,0,0,0,-,-,,,"SAN FRANCISCO","SAN FRANCISCO",-122.39407976,37.74618112
8599754,2018,2018-04-25,3801,2018-03-22,1110,127,NORTH,4,5,7,3801,0,0,0,,0,3E4C,"BUSH ST","WEBSTER ST",0.00,,Y,B,C,N,,,,,,,,,,Y,4,0,1,2,A,-,12,21457,A,N,D,C,A,A,H,-,A,B,0,,,,,Y,,-,,0,0,1,0,0,0,0,0,0,-,-,,,"SAN FRANCISCO","SAN FRANCISCO",-122.43178995,37.78722989
8599750,2018,2018-04-25,3801,2018-03-31,1129,2375,RICHM,6,5,7,3801,0,0,0,,0,3G60,"GEARY BL","19TH AV",90.00,E,N,B,-,N,,,,,,,,,,Y,3,0,1,2,A,-,03,22350,,N,C,C,A,A,H,-,A,D,0,,,Y,,Y,,C,02,0,1,0,0,0,0,0,0,1,-,-,,,"SAN FRANCISCO","SAN FRANCISCO",-122.47801949,37.78044982
8599746,2018,2018-04-25,3801,2018-03-23,0021,A22859,CENTR,5,5,7,3801,0,0,0,,0,3A14E,"COLUMBUS AV","KEARNY ST",0.00,,Y,A,-,N,,,,,,,,,,N,3,0,2,2,A,-,12,21453,A,N,D,C,A,A,H,-,C,A,0,,,,,Y,,A,01,0,1,1,0,0,0,0,0,0,-,-,,,"SAN FRANCISCO","SAN FRANCISCO",-122.40538999,37.79705995
8599742,2018,2018-04-25,3801,2018-03-31,2300,1740,CENTR,6,5,7,3801,0,0,0,,0,3A13E,"BAY ST","POWELL ST",0.00,,Y,-,-,N,,,,,,,,,,Y,4,0,2,2,A,-,09,21801,A,N,A,C,A,A,H,-,C,A,0,,,,,Y,,A,01,0,0,2,0,0,0,0,0,0,-,-,,,"SAN FRANCISCO","SAN FRANCISCO",-122.41193995,37.80583996
8599738,2018,2018-04-25,3801,2018-03-29,1556,2200,NORTH,4,5,7,3801,0,0,0,,0,002,"FILLMORE ST","FULTON ST",0.00,,Y,A,-,N,,,,,,,,,,Y,3,0,1,2,A,-,09,21801,,N,D,C,A,A,H,-,A,A,0,,,Y,,Y,,A,01,0,1,0,0,0,0,0,0,1,-,-,,,"SAN FRANCISCO","SAN FRANCISCO",-122.43155991,37.77768998
8599734,2018,2018-04-25,3801,2018-03-31,1509,472,NORTH,6,5,7,3801,0,0,0,,0,3E44C,"POLK ST","BUSH ST",0.00,,Y,A,-,N,,,,,,,,,,N,2,0,1,2,A,-,09,21801,A,N,A,C,A,A,H,-,A,A,0,,,Y,,Y,,A,01,1,0,0,0,0,0,0,0,1,-,-,,,"SAN FRANCISCO","SAN FRANCISCO",-122.42029993,37.78868989
8599730,2018,2018-04-25,3801,2018-03-29,1403,A03640,SOUTH,4,5,7,3801,0,0,0,,0,3B5C,"2ND ST","BRYANT ST",0.00,,Y,A,-,N,,,,,,,,,,N,4,0,4,2,A,-,12,21453,A,N,D,D,A,A,H,-,A,A,0,,,,,Y,,A,01,0,0,4,0,0,0,0,0,0,-,-,,,"SAN FRANCISCO","SAN FRANCISCO",-122.39362985,37.78307993
8599726,2018,2018-04-25,3801,2018-03-29,2229,A23182,TENDE,4,5,7,3801,0,0,0,,0,3J11E,"MARKET ST","7TH ST",128.00,W,N,A,-,N,,,,,,,,,,N,2,0,1,1,A,-,03,22350,,N,H,-,A,A,H,-,C,D,0,,Y,,,Y,,L,04,1,0,0,0,0,0,1,0,0,-,-,,,"SAN FRANCISCO","SAN FRANCISCO",-122.41282367,37.78023167
8599722,2018,2018-04-25,3801,2018-03-21,0529,A07642,NORHE,3,5,7,3801,0,0,0,,0,4B2E,"BUSH ST","GOUGH ST",0.00,,Y,C,-,N,,,,,,,,,,Y,2,0,5,3,A,-,12,21453,A,N,D,C,A,B,H,-,C,A,0,,,,,Y,,A,01,4,0,1,0,0,0,0,0,0,-,-,,,"SAN FRANCISCO","SAN FRANCISCO",-122.42523992,37.78806989
8599718,2018,2018-04-25,3801,2018-03-04,0029,942,SOUTH,7,5,7,3801,0,0,0,,0,3B13E,"HOWARD ST","FREMONT ST",0.00,,Y,B,C,N,,,,,,,,,,N,4,0,1,2,A,-,10,21950,A,N,G,B,B,B,H,-,C,A,0,Y,,,,Y,,A,01,0,0,1,0,1,0,0,0,0,-,-,,,"SAN FRANCISCO","SAN FRANCISCO",-122.39513985,37.78922996
8599714,2018,2018-04-25,3801,2018-03-25,1304,A23075,SOUTH,7,5,7,3801,0,0,0,,0,3B11C,"5TH ST","NATOMA ST",50.00,N,N,A,-,N,,,,,,,,,,N,3,0,1,2,A,-,09,21801,A,N,D,G,A,A,H,-,A,A,0,,Y,,,Y,,A,01,0,1,0,0,0,0,1,0,0,-,-,,,"SAN FRANCISCO","SAN FRANCISCO",-122.40558493,37.78204506
8599710,2018,2018-04-25,3801,2018-03-30,2059,317,MISSI,5,5,7,3801,0,0,0,,0,3D11E,"GUERRERO ST","DUBOCE AV",0.00,,Y,A,-,N,,,,,,,,,,Y,4,0,1,4,A,-,12,21453,A,F,D,C,A,A,H,-,C,A,0,,,,,Y,,A,01,0,0,1,0,0,0,0,0,0,-,-,,,"SAN FRANCISCO","SAN FRANCISCO",-122.4245899,37.76973991
8599706,2018,2018-04-27,3801,2018-02-25,1542,A21102,BAYVI,7,5,7,3801,0,0,0,,0,3C13C,"MANSELL ST","HAMILTON ST",30.00,E,N,A,-,N,,,,,,,,,,N,4,0,2,2,A,-,04,21703,,N,C,C,A,A,H,-,A,D,0,,,,,Y,,A,01,0,0,2,0,0,0,0,0,0,-,-,,,"SAN FRANCISCO","SAN FRANCISCO",-122.40694137,37.72012557
8598320,2018,2018-07-03,3801,2018-03-27,2313,1198,CENTR,2,5,7,3801,0,0,0,,0,,"LOMBARD ST","KEARNY ST",20.00,E,N,A,-,N,,,,,,,,,,Y,3,0,2,4,A,-,01,23153,A,F,A,E,A,A,H,-,C,D,0,,,,,Y,Y,A,01,0,2,0,0,0,0,0,0,0,-,-,,,"SAN FRANCISCO","SAN FRANCISCO",-122.40651171,37.8036591
8598278,2018,2018-08-06,3801,2018-03-23,2012,2092,TARAV,5,5,7,3801,0,0,0,,0,002,"19TH AV","NORIEGA AV",210.00,N,N,B,-,Y,SF,4,1,-,-,3.310,H,-,S,N,4,0,1,2,A,-,08,22107,,N,B,C,A,B,H,-,C,D,0,,,,,Y,,A,01,0,0,1,0,0,0,0,0,0,-,-,,,"SAN FRANCISCO","SAN FRANCISCO",-122.47655818,37.75484379
8598277,2018,2018-08-08,3801,2018-03-21,1820,A05033,INGLE,3,5,7,3801,0,0,0,,0,4T9J,BOSWORTH,"ARLINGTON ST",0.00,,Y,B,C,Y,SF,4,280,-,R,2.574,R,4,S,N,4,0,1,2,A,-,09,21801,A,N,D,C,A,B,-,-,A,D,0,,,,,Y,,A,01,0,0,1,0,0,0,0,0,0,-,-,,,"SAN FRANCISCO","SAN FRANCISCO",-122.43766817,37.73073242
8598271,2018,2018-08-06,3801,2018-03-16,0740,4314,RICHM,5,5,7,3801,0,0,0,,0,0G1,"PARK PRESIDIO BL","FULTON ST",528.00,S,N,B,-,Y,SF,4,1,-,-,4.900,H,-,N,Y,4,0,1,2,A,-,03,22350,,N,C,C,A,B,H,-,A,D,0,,,,,Y,,A,07,0,0,1,0,0,0,0,0,0,-,-,,,"SAN FRANCISCO","SAN FRANCISCO",-122.47319117,37.77236737
8598270,2018,2018-07-06,3801,2018-03-22,1003,1819,NORTH,4,5,7,3801,0,0,0,,0,3CAR,"GEARY ST","POLK ST",213.00,W,N,C,-,N,,,,,,,,,,Y,4,0,1,2,A,-,03,22350,,N,C,C,A,B,H,-,A,D,0,,,,,Y,,A,01,0,0,1,0,0,0,0,0,0,-,-,,,"SAN FRANCISCO","SAN FRANCISCO",-122.42046799,37.78580735
8598269,2018,2018-07-03,3801,2018-03-21,0750,640,MISSI,3,5,7,3801,0,0,0,,0,3D42B,"24TH ST","FAIR OAKS ST",0.00,,Y,B,-,N,,,,,,,,,,N,3,0,3,4,A,-,10,21950,A,N,G,B,B,B,H,-,A,A,0,Y,,,,Y,,A,08,0,2,1,0,3,0,0,0,0,-,-,,,"SAN FRANCISCO","SAN FRANCISCO",-122.42397995,37.75191994
8598265,2018,2018-07-24,3801,2018-03-30,1905,195,NORTH,5,5,7,3801,0,0,0,,0,3E16D,"DIVISADERO ST","LOMBARD ST",0.00,,Y,A,-,Y,SF,4,101,-,-,7.696,I,5,S,N,4,0,1,2,A,-,09,21801,A,N,D,-,A,A,H,-,A,A,0,,,,,Y,,A,01,0,0,1,0,0,0,0,0,0,-,-,,,"SAN FRANCISCO","SAN FRANCISCO",-122.44267661,37.79895589
8598261,2018,2018-08-06,3801,2018-03-22,1530,A09982,TARAV,4,5,7,3801,0,0,0,,0,"2 CAR","19TH AV","RIVERA ST",89.00,S,N,A,-,Y,SF,4,1,-,-,2.730,H,-,S,Y,4,0,1,6,A,-,03,22350,,N,C,C,A,A,H,-,A,D,0,,,,,Y,,A,08,0,0,1,0,0,0,0,0,0,-,-,,,"SAN FRANCISCO","SAN FRANCISCO",-122.47597484,37.74655916
8598260,2018,2018-07-06,3801,2018-03-29,1606,A04413,SOUTH,4,5,7,3801,0,0,0,,0,4B3H,"25TH AV","CONNECTICUT ST",132.00,W,N,A,-,N,,,,,,,,,,N,3,0,1,2,A,-,11,21954,A,N,G,B,C,A,G,H,A,D,0,Y,,,,Y,,N,60,0,1,0,0,1,0,0,0,0,-,-,,,"SAN FRANCISCO","SAN FRANCISCO",-122.39696495,37.75228826