CASE_ID,ACCIDENT_YEAR,PROC_DATE,JURIS,COLLISION_DATE,COLLISION_TIME,OFFICER_ID,REPORTING_DISTRICT,DAY_OF_WEEK,CHP_SHIFT,POPULATION,CNTY_CITY_LOC,SPECIAL_COND,BEAT_TYPE,CHP_BEAT_TYPE,CITY_DIVISION_LAPD,CHP_BEAT_CLASS,BEAT_NUMBER,PRIMARY_RD,SECONDARY_RD,DISTANCE,DIRECTION,INTERSECTION,WEATHER_1,WEATHER_2,STATE_HWY_IND,CALTRANS_COUNTY,CALTRANS_DISTRICT,STATE_ROUTE,ROUTE_SUFFIX,POSTMILE_PREFIX,POSTMILE,LOCATION_TYPE,RAMP_INTERSECTION,SIDE_OF_HWY,TOW_AWAY,COLLISION_SEVERITY,NUMBER_KILLED,NUMBER_INJURED,PARTY_COUNT,PRIMARY_COLL_FACTOR,PCF_CODE_OF_VIOL,PCF_VIOL_CATEGORY,PCF_VIOLATION,PCF_VIOL_SUBSECTION,HIT_AND_RUN,TYPE_OF_COLLISION,MVIW,PED_ACTION,ROAD_SURFACE,ROAD_COND_1,ROAD_COND_2,LIGHTING,CONTROL_DEVICE,CHP_ROAD_TYPE,PEDESTRIAN_ACCIDENT,BICYCLE_ACCIDENT,MOTORCYCLE_ACCIDENT,TRUCK_ACCIDENT,NOT_PRIVATE_PROPERTY,ALCOHOL_INVOLVED,STWD_VEHTYPE_AT_FAULT,CHP_VEHTYPE_AT_FAULT,COUNT_SEVERE_INJ,COUNT_VISIBLE_INJ,COUNT_COMPLAINT_PAIN,COUNT_PED_KILLED,COUNT_PED_INJURED,COUNT_BICYCLIST_KILLED,COUNT_BICYCLIST_INJURED,COUNT_MC_KILLED,COUNT_MC_INJURED,PRIMARY_RAMP,SECONDARY_RAMP,LATITUDE,LONGITUDE,COUNTY,CITY,POINT_X,POINT_Y
90767751,2018,2018-07-12,9335,2018-07-01,1640,022024,,7,2,7,3801,0,1,2,,2,013,"US-101 S/B FROM CESAR CHAVEZ ST.","CESAR CHAVEZ ST",388.00,S,N,A,-,Y,,,101,,,,R,,S,Y,4,0,2,2,A,-,08,22107,,N,E,I,A,A,H,-,A,D,0,,,,,Y,,A,01,0,0,2,0,0,0,0,0,0,-,-,37.74817,-122.40438,"SAN FRANCISCO","SAN FRANCISCO",-122.40438,37.74817
90768985,2018,2018-07-13,9335,2018-07-02,0125,021780,,1,3,7,3801,0,1,1,,2,024,"I-280 S/B","REVERE AVE. U/C",30.00,N,N,A,-,Y,,,280,,,,,,S,Y,3,0,1,3,A,-,01,23152,A,N,C,C,A,A,H,-,C,D,0,,,,,Y,Y,A,01,0,1,0,0,0,0,0,0,0,-,-,37.73815,-122.40138,"SAN FRANCISCO","SAN FRANCISCO",-122.40137359,37.7381428
90769027,2018,2018-07-13,9335,2018-07-02,1722,017672,,1,2,7,3801,0,1,1,,1,081,"I-80 W/B","FREMONT STREET OFF-RAMP",1121.00,E,N,B,-,Y,,,80,,,,,,W,Y,3,0,1,3,A,-,07,21658,A,N,B,C,A,A,H,-,A,D,0,,,Y,,Y,,A,01,0,1,0,0,0,0,0,0,1,-,-,37.78721,-122.38981,"SAN FRANCISCO","SAN FRANCISCO",-122.38962575,37.78700969
90769138,2018,2018-07-16,9335,2018-07-03,1350,021957,,2,1,7,3801,0,1,2,,2,015,"US-101 S/B","FOLSOM ST",25.00,S,N,A,-,Y,,,101,,,,,,S,Y,4,0,2,2,A,-,07,21658,A,N,C,C,A,A,H,-,A,D,0,,,,,Y,,A,01,0,0,2,0,0,0,0,0,0,-,-,37.76949,-122.41541,"SAN FRANCISCO","SAN FRANCISCO",-122.41540879,37.76951635
90769585,2018,2018-07-16,9335,2018-07-04,1320,014455,,3,1,7,3801,0,1,1,,1,081,"I-80 W/B","NORTHGATE RD.",50.00,W,N,A,-,Y,,,80,,,,,,W,Y,3,0,2,3,A,-,08,22107,,N,D,C,A,A,H,-,A,D,0,,,,,Y,,A,01,0,1,1,0,0,0,0,0,0,-,-,37.81263,-122.3625,"SAN FRANCISCO","SAN FRANCISCO",-122.36264989,37.81277996
90769997,2018,2018-07-16,9350,2018-07-06,1015,021075,,5,1,7,3801,0,1,2,,1,120,"US-101 N/B (GOLDEN GATE BRIDGE)","LINCOLN BLVD",3168.00,N,N,B,-,Y,,,101,,,,,,N,Y,4,0,1,2,B,-,22,,,N,A,G,A,A,H,-,A,D,0,,Y,,,Y,,L,04,0,0,1,0,0,0,1,0,0,-,-,37.815,-122.47796,"SAN FRANCISCO","SAN FRANCISCO",-122.47807821,37.8149846
90770785,2018,2018-07-17,9335,2018-07-05,0540,021770,,4,3,7,3801,0,1,1,,1,081,"I-80 W/B","YERBA BUENA ISLAND TUNNEL",2700.00,E,N,A,-,Y,,,80,,,,,,W,Y,4,0,1,2,A,-,03,22350,,F,C,C,A,A,H,-,A,D,0,,,,,Y,,-,99,0,0,1,0,0,0,0,0,0,-,-,37.81558,-122.3586,"SAN FRANCISCO","SAN FRANCISCO",-122.3586324,37.81563531
90770838,2018,2018-07-17,9335,2018-07-05,0531,020435,,4,3,7,3801,0,1,1,,1,081,"I-80 W/B","TREASURE ISLAND RD O/C",1689.00,W,N,A,-,Y,,,80,,,,,,W,Y,4,0,1,2,A,-,03,22350,,N,C,C,A,A,H,-,B,D,0,,,,,Y,,A,01,0,0,1,0,0,0,0,0,0,-,-,37.80554,-122.37035,"SAN FRANCISCO","SAN FRANCISCO",-122.37015197,37.80532329
90770890,2018,2018-07-17,9335,2018-07-06,1730,022037,,5,2,7,3801,0,1,1,,2,022,"I-280 S/B","ALEMANY BLVD U/C",230.00,N,N,A,-,Y,,,280,,,,,,S,Y,4,0,1,2,A,-,03,22350,,N,C,C,A,A,H,-,A,D,0,,,,,Y,,A,01,0,0,1,0,0,0,0,0,0,-,-,37.71065,-122.45992,"SAN FRANCISCO","SAN FRANCISCO",-122.45991966,37.71058896
90771475,2018,2018-07-18,9335,2018-05-29,1859,022032,,2,2,7,3801,0,1,2,,2,015,"US-101 N/B","MARKET ST",200.00,S,N,A,-,Y,,,101,,,,,,N,N,4,0,1,2,A,-,03,22350,,M,C,C,A,A,H,-,A,D,0,,,,,Y,,A,01,0,0,1,0,0,0,0,0,0,-,-,37.77133,-122.42301,"SAN FRANCISCO","SAN FRANCISCO",-122.42299193,37.77134087
90771732,2018,2018-07-18,9335,2018-07-07,1645,021147,,6,2,7,3801,0,1,1,,1,081,"I-80 W/B","YERBA BUENA ISLAND TUNNEL",1000.00,E,N,A,-,Y,,,80,,,,,,W,Y,4,0,4,4,A,-,03,22350,,N,C,C,A,A,H,-,A,D,0,,,,,Y,,A,01,0,0,4,0,0,0,0,0,0,-,-,37.81217,-122.36314,"SAN FRANCISCO","SAN FRANCISCO",-122.36320004,37.81223007
90773236,2018,2018-07-20,9335,2018-07-10,0750,021700,,2,1,7,3801,0,1,1,,2,022,"I-280 S/B","FARALLONES STREET PED O/C",150.00,S,N,A,-,Y,,,280,,,,,,S,Y,4,0,2,2,A,-,07,21658,A,N,B,C,A,A,H,-,A,D,0,,,,,Y,,A,07,0,0,2,0,0,0,0,0,0,-,-,37.71344,-122.45238,"SAN FRANCISCO","SAN FRANCISCO",-122.45230156,37.71335121
90774022,2018,2018-07-23,9335,2018-07-11,1814,021886,,3,2,7,3801,0,1,2,,2,014,"US-101 N/B","22ND ST. PED O/C",100.00,N,N,A,-,Y,,,101,,,,,,N,Y,2,0,3,3,A,-,03,22350,,N,C,C,A,A,H,-,A,D,0,,,,,Y,,A,07,1,1,1,0,0,0,0,0,0,-,-,37.75719,-122.40356,"SAN FRANCISCO","SAN FRANCISCO",-122.40357496,37.75717969
90774039,2018,2018-07-23,9335,2018-07-04,1930,022037,,3,2,7,3801,0,1,2,,2,013,"US-101 N/B","BACON STREET U/C",700.00,S,N,A,-,Y,,,,,,,,,,Y,4,0,1,3,A,-,07,21658,A,M,C,C,A,A,H,-,A,D,0,,,,,Y,,A,07,0,0,1,0,0,0,0,0,0,-,-,37.75292,-122.40189,"SAN FRANCISCO","SAN FRANCISCO",-122.40197425,37.72601614
90774042,2018,2018-07-23,9335,2018-07-07,2340,021724,,6,3,7,3801,0,1,2,,2,013,"US-101 S/B","I-280 N/B O/C",145.00,S,N,A,-,Y,,,101,,,,,,S,N,4,0,1,2,A,-,07,21658,A,N,C,C,A,A,H,-,D,D,0,,,,,Y,,A,01,0,0,1,0,0,0,0,0,0,-,-,37.7347,-122.4066,"SAN FRANCISCO","SAN FRANCISCO",-122.4065839,37.7347101
90774422,2018,2018-07-23,9335,2018-07-12,1430,022037,,4,2,7,3801,0,1,1,,2,024,"I-280 S/B","BAYSHORE BOULEVARD U/C",50.00,N,N,A,-,Y,,,280,,,,,,S,Y,4,0,1,3,A,-,03,22350,,N,C,C,A,A,C,-,A,D,0,,,,,Y,,D,22,0,0,1,0,0,0,0,0,0,-,-,37.73546,-122.40621,"SAN FRANCISCO","SAN FRANCISCO",-122.40620996,37.73545988
90774604,2018,2018-07-23,9335,2018-07-13,1240,021742,,5,1,7,3801,0,1,1,,2,023,"I-280 S/B","THE NORTH ALEMANY BLVD. O/C",140.00,S,N,A,-,Y,,,280,,,,,,S,Y,3,0,2,4,A,-,07,21658,A,F,B,C,A,A,H,-,A,D,0,,,,,Y,,-,99,0,2,0,0,0,0,0,0,0,-,-,37.73229,-122.41502,"SAN FRANCISCO","SAN FRANCISCO",-122.41501116,37.73225296
90775071,2018,2018-07-24,9335,2018-07-12,0842,021328,,4,1,7,3801,0,1,1,,1,081,"I-80 W/B","BEALE ST",440.00,W,N,A,-,Y,,,80,,,,,,W,Y,3,0,1,2,A,-,07,21658,A,N,B,C,A,A,H,-,A,D,0,,,Y,,Y,,A,01,0,1,0,0,0,0,0,0,1,-,-,37.78573,-122.39123,"SAN FRANCISCO","SAN FRANCISCO",-122.39122988,37.78572981
90775073,2018,2018-07-24,9335,2018-07-12,1505,021957,,4,2,7,3801,0,1,2,,2,013,"US-101 SB","CESAR CHAVEZ ST",1161.00,S,N,A,-,Y,,,101,,,,,,S,Y,3,0,3,4,A,-,03,22350,,N,C,C,A,A,H,-,A,D,0,,,,,Y,,A,01,0,1,2,0,0,0,0,0,0,-,-,37.74615,-122.40495,"SAN FRANCISCO","SAN FRANCISCO",-122.40484349,37.74612094
90775309,2018,2018-07-24,9335,2018-07-13,1510,020212,,5,2,7,3801,0,1,1,,2,022,"I-280 N/B","WHIPPLE AVE PED O/C",170.00,S,N,B,-,Y,,,280,,,,,,N,Y,3,0,1,1,C,-,18,,,N,E,J,A,A,H,-,A,D,0,,,,,Y,,-,-,0,1,0,0,0,0,0,0,0,-,-,37.71329,-122.45222,"SAN FRANCISCO","SAN FRANCISCO",-122.45219429,37.71326022
90776193,2018,2018-07-25,9335,2018-07-14,2129,021886,,6,2,7,3801,0,1,2,,2,014,"US-101 N/B","16TH ST",10.00,N,N,B,-,Y,,,101,,,,,,N,N,4,0,1,2,A,-,03,22350,,N,C,C,A,A,H,-,D,D,0,,,,,Y,,D,22,0,0,1,0,0,0,0,0,0,-,-,37.76605,-122.40499,"SAN FRANCISCO","SAN FRANCISCO",-122.40498209,37.76605127
90777350,2018,2018-07-26,9335,2018-07-04,1045,022096,,3,1,7,3801,0,1,1,,2,023,"I-280 S/B","ALEMANY BLVD OVERCROSSING",630.00,N,N,A,-,Y,,,280,,,,,,S,Y,3,0,2,2,A,-,08,22107,,N,C,C,A,A,H,-,A,D,0,,,,Y,Y,,A,01,0,1,1,0,0,0,0,0,0,-,-,37.73343,-122.41241,"SAN FRANCISCO","SAN FRANCISCO",-122.41237972,37.73336922
90778924,2018,2018-07-27,9335,2018-07-17,1900,021147,,2,2,7,3801,0,1,1,,1,081,"I-80 W/B","TREASURE ISLAND RD",2851.00,W,N,A,-,Y,,,80,,,,,,W,Y,3,0,1,3,A,-,03,22350,,F,B,C,A,A,H,-,A,D,0,,,Y,,Y,,C,02,0,1,0,0,0,0,0,0,1,-,-,37.80313,-122.37294,"SAN FRANCISCO","SAN FRANCISCO",-122.37275438,37.80293133
90778946,2018,2018-07-27,9335,2018-07-17,1005,020435,,2,1,7,3801,0,1,2,,2,013,"US-101 N/B","BACON ST U/C",37.00,S,N,A,-,Y,,,101,,,,,,N,Y,4,0,1,2,A,-,03,22350,,N,C,C,A,A,H,-,A,D,0,,,,,Y,,A,07,0,0,1,0,0,0,0,0,0,-,-,37.72773,-122.40266,"SAN FRANCISCO","SAN FRANCISCO",-122.40262107,37.72774435
90778952,2018,2018-07-27,9335,2018-07-17,1640,017672,,2,2,7,3801,0,1,1,,1,083,"I-80 E/B FROM ESSEX ST.","ESSEX ST",40.00,E,N,A,-,Y,,,80,,,,R,,E,N,4,0,1,2,A,-,07,21658,A,F,B,C,A,A,H,-,A,D,0,,,Y,,Y,,A,01,0,0,1,0,0,0,0,0,1,-,-,37.78545,-122.39199,"SAN FRANCISCO","SAN FRANCISCO",-122.39199,37.78545
90779094,2018,2018-07-27,9335,2018-07-18,1445,021886,,3,2,7,3801,0,1,2,,2,013,"US-101 N/B","CESAR CHAVEZ ST. U/C",60.00,S,N,A,-,Y,,,101,,,,,,N,N,4,0,1,2,A,-,04,21703,,N,C,C,A,A,H,-,A,D,0,,,,,Y,,A,01,0,0,1,0,0,0,0,0,0,-,-,37.74911,-122.40378,"SAN FRANCISCO","SAN FRANCISCO",-122.40370601,37.74908676
90779372,2018,2018-07-30,9335,2018-07-18,1450,020157,,3,2,7,3801,0,1,2,,2,013,"US-101 N/B","PAUL AVE.",320.00,S,N,A,-,Y,,,101,,,,,,N,Y,3,0,1,3,A,-,04,21703,,N,C,C,A,A,H,-,A,D,0,,,,,Y,,A,01,0,1,0,0,0,0,0,0,0,-,-,37.72269,-122.40065,"SAN FRANCISCO","SAN FRANCISCO",-122.40066,37.72268599
90779397,2018,2018-07-30,9335,2018-07-18,0928,021626,,3,1,7,3801,0,1,2,,2,014,"US-101 S/B","23RD ST. O/C",270.00,N,N,B,-,Y,,,101,,,,,,S,N,3,0,1,2,A,-,03,22350,,N,C,C,A,A,H,-,A,D,0,,,,,Y,,A,01,0,1,0,0,0,0,0,0,0,-,-,37.75747,-122.40416,"SAN FRANCISCO","SAN FRANCISCO",-122.40413736,37.75749281
90779402,2018,2018-07-30,9335,2018-07-18,0109,021672,,3,3,7,3801,0,1,2,,2,014,"US-101 S/B","18TH STREET",865.00,S,N,A,-,Y,,,101,,,,,,S,Y,4,0,1,1,A,-,01,23152,A,N,E,I,A,A,H,-,C,D,0,,,,,Y,Y,A,01,0,0,1,0,0,0,0,0,0,-,-,37.75994,-122.40635,"SAN FRANCISCO","SAN FRANCISCO",-122.40642668,37.75992249
90779427,2018,2018-07-30,9335,2018-07-19,1855,017672,,4,2,7,3801,0,1,1,,1,083,"I-80 E/B","BEALE STREET",220.00,E,N,A,-,Y,,,80,,,,,,E,N,4,0,1,2,A,-,03,22350,,N,C,C,A,A,H,-,A,D,0,,,Y,,Y,,C,02,0,0,1,0,0,0,0,0,1,-,-,37.78722,-122.38979,"SAN FRANCISCO","SAN FRANCISCO",-122.38960993,37.78702424
90779495,2018,2018-07-30,9335,2018-07-19,2353,022040,,4,3,7,3801,0,1,1,,2,022,"I-280 S/B","PAULDING STREET OVER-CROSSING",117.00,S,N,A,-,Y,,,280,,,,,,S,Y,2,0,1,2,A,-,11,21954,A,N,G,B,E,A,H,-,C,D,0,Y,,,,Y,,N,60,1,0,0,0,1,0,0,0,0,-,-,37.72802,-122.44402,"SAN FRANCISCO","SAN FRANCISCO",-122.44403433,37.72804119
90779502,2018,2018-07-30,9335,2018-07-19,1135,021626,,4,1,7,3801,0,1,1,,2,024,"I-280 N/B TO 6TH ST","TOWNSEND ST U/C",250.00,N,N,A,-,Y,,,280,,,,R,,N,Y,3,0,3,5,A,-,03,22350,,N,C,C,A,A,H,-,A,D,0,,,,,Y,,I,10,0,2,1,0,0,0,0,0,0,-,-,37.77405,-122.40023,"SAN FRANCISCO","SAN FRANCISCO",-122.40023,37.77405
90779509,2018,2018-07-30,9335,2018-07-19,1645,021886,,4,2,7,3801,0,1,1,,1,081,"I-80 W/B","TREASURE ISLAND RD",200.00,W,N,A,-,Y,,,80,,,,,,W,N,4,0,1,3,A,-,04,21703,,N,C,C,A,A,H,-,A,D,0,,,Y,,Y,,D,22,0,0,1,0,0,0,0,0,1,-,-,37.80855,-122.36671,"SAN FRANCISCO","SAN FRANCISCO",-122.36670335,37.80854348
90781069,2018,2018-07-31,9350,2018-07-22,1345,021418,,7,1,7,3801,0,1,2,,2,010,"US-101 S/B","TOLL PLAZA OF GGB",544.00,S,N,A,-,Y,,,101,,,,,,S,N,4,0,2,2,A,-,03,22350,,N,C,C,A,A,H,-,A,D,0,,,,,Y,,A,01,0,0,2,0,0,0,0,0,0,-,-,37.80564,-122.47405,"SAN FRANCISCO","SAN FRANCISCO",-122.47400004,37.80569248
90781177,2018,2018-07-31,9335,2018-07-19,0644,018701,,4,1,7,3801,0,1,1,,1,083,"I-80 E/B","YERBA BUENA ISLAND TUNNEL",1000.00,W,N,B,-,Y,,,80,,,,,,E,Y,4,0,2,3,A,-,08,22107,,M,C,C,A,A,H,-,B,D,0,,,,,Y,,A,01,0,0,2,0,0,0,0,0,0,-,-,37.80747,-122.36821,"SAN FRANCISCO","SAN FRANCISCO",-122.36802468,37.8072672
90781693,2018,2018-08-01,9335,2018-07-15,2338,021312,,7,3,7,3801,0,1,2,,2,015,"I-80 W/B TO US-101 N/B","BRANNAN STREET",146.00,W,N,A,-,Y,,,80,,,,R,,W,Y,3,0,1,2,A,-,07,21658,A,F,B,C,A,A,H,-,C,D,0,,,,,Y,,-,99,0,1,0,0,0,0,0,0,0,-,-,37.77035,-122.40589,"SAN FRANCISCO","SAN FRANCISCO",-122.40589,37.77035
90781708,2018,2018-08-01,9335,2018-07-20,0222,021916,,5,3,7,3801,0,1,1,,2,080,"I-80 E/B","8TH ST",222.00,E,N,A,-,Y,,,80,,,,,,E,Y,4,0,2,2,A,-,07,21658,A,N,B,C,A,A,H,-,C,D,0,,,,,Y,,A,01,0,0,2,0,0,0,0,0,0,-,-,37.77308,-122.40655,"SAN FRANCISCO","SAN FRANCISCO",-122.40659531,37.77308131
90781747,2018,2018-08-01,9335,2018-07-20,1425,020212,,5,2,7,3801,0,1,1,,2,024,"I-280 N/B TO KING STREET","MISSION BAY DRIVE",220.00,S,N,A,-,Y,,,280,,,,R,,N,Y,3,0,2,5,A,-,03,22350,,N,C,C,A,A,H,-,A,D,0,,,,,Y,,I,10,0,1,1,0,0,0,0,0,0,-,-,37.76925,-122.39747,"SAN FRANCISCO","SAN FRANCISCO",-122.39747,37.76925
90781835,2018,2018-08-01,9335,2018-07-21,2200,021712,,6,3,7,3801,0,1,2,,2,013,"US-101 S/B","PAUL AVE",250.00,N,N,A,-,Y,,,101,,,,,,S,Y,3,0,3,3,A,-,01,23152,A,N,C,C,A,A,H,-,C,D,0,,,,,Y,Y,A,01,0,3,0,0,0,0,0,0,0,-,-,37.72449,-122.40177,"SAN FRANCISCO","SAN FRANCISCO",-122.40168738,37.72452341
90782691,2018,2018-08-02,9335,2018-07-23,0900,018688,,1,1,7,3801,0,1,1,,1,083,"I-80 E/B","YERBA BUENA ISLAND TUNNEL (WEST EDGE)",5280.00,W,N,A,-,Y,,,80,,,,,,E,N,4,0,1,2,A,-,04,21703,,N,C,C,A,A,D,-,A,D,0,,,,,Y,,A,07,0,0,1,0,0,0,0,0,0,-,-,37.79712,-122.37953,"SAN FRANCISCO","SAN FRANCISCO",-122.37932287,37.79689871
90782733,2018,2018-08-02,9335,2018-07-23,1825,020157,,1,2,7,3801,0,1,2,,2,013,"US-101 N/B","ALEMANY BLVD",250.00,N,N,A,-,Y,,,101,,,,,,N,Y,3,0,1,1,A,-,08,22107,,N,E,I,A,A,H,-,A,A,0,,,,,Y,,A,01,0,1,0,0,0,0,0,0,0,-,-,37.73857,-122.40806,"SAN FRANCISCO","SAN FRANCISCO",-122.40797917,37.73857961
90782748,2018,2018-08-02,9335,2018-07-23,1148,018399,,1,1,7,3801,0,1,1,,1,081,"I-80 W/B","MACALLA RD",914.00,E,N,A,-,Y,,,80,,,,,,W,N,4,0,1,2,A,-,07,21658,A,M,B,C,A,A,H,-,A,D,0,,,,,Y,,-,99,0,0,1,0,0,0,0,0,0,-,-,37.81385,-122.36143,"SAN FRANCISCO","SAN FRANCISCO",-122.3614831,37.81393752
90783518,2018,2018-08-03,9335,2018-07-20,2250,021277,,5,3,7,3801,0,1,1,,1,081,"I-80 W/B","BEALE ST",48.00,W,N,A,-,Y,,,80,,,,,,W,N,4,0,1,2,A,-,07,21658,A,M,B,C,A,A,H,-,C,D,0,,,,,Y,,-,99,0,0,1,0,0,0,0,0,0,-,-,37.78652,-122.39043,"SAN FRANCISCO","SAN FRANCISCO",-122.39031692,37.78638757
90783730,2018,2018-08-03,9335,2018-06-29,2250,021277,,5,3,7,3801,0,1,2,,2,014,"US-101 N/B","17TH STREET",270.00,S,N,A,-,Y,,,101,,,,,,N,Y,4,0,1,3,A,-,03,22350,,F,C,C,A,A,H,-,C,D,0,,,,,Y,,-,99,0,0,1,0,0,0,0,0,0,-,-,37.76383,-122.40497,"SAN FRANCISCO","SAN FRANCISCO",-122.40491724,37.76381506
90784160,2018,2018-08-06,9335,2018-07-21,1751,022032,,6,2,7,3801,0,1,1,,1,081,"I-80 E/B","YERBA BUENA ISLAND TUNNEL",3538.00,W,N,A,-,Y,,,80,,,,,,E,Y,3,0,1,2,A,-,07,21658,A,F,B,C,A,A,H,-,A,D,0,,,,,Y,,A,01,0,1,0,0,0,0,0,0,0,-,-,37.80176,-122.37443,"SAN FRANCISCO","SAN FRANCISCO",-122.37423324,37.80154956
90784192,2018,2018-08-06,9335,2018-07-25,2040,022024,,3,2,7,3801,0,1,1,,1,083,"I-80 E/B","TREASURE ISLAND RD",260.00,E,N,A,-,Y,,,80,,,,,,E,Y,3,0,1,2,A,-,03,22350,,N,C,C,A,A,H,-,A,D,0,,,,,Y,,A,07,0,1,0,0,0,0,0,0,0,-,-,37.80957,-122.36554,"SAN FRANCISCO","SAN FRANCISCO",-122.36568386,37.80970107
90784263,2018,2018-08-06,9335,2018-06-17,2300,021736,,7,3,7,3801,0,1,1,,1,081,"I-80 W/B","7TH ST",200.00,E,N,A,-,Y,,,80,,,,,,W,N,4,0,1,4,A,-,03,22350,,M,C,C,A,A,H,-,C,D,0,,,,,Y,,A,01,0,0,1,0,0,0,0,0,0,-,-,37.77583,-122.40558,"SAN FRANCISCO","SAN FRANCISCO",-122.40556075,37.77580603
90784264,2018,2018-08-06,9335,2018-07-25,1240,021742,,3,1,7,3801,0,1,2,,2,014,"US-101 S/B","THE 22ND STREET U/C",85.00,N,N,A,-,Y,,,101,,,,,,S,Y,3,0,1,3,A,-,08,22107,,N,D,C,A,A,H,-,A,D,0,,,,,Y,,A,01,0,1,0,0,0,0,0,0,0,-,-,37.75706,-122.40377,"SAN FRANCISCO","SAN FRANCISCO",-122.40374157,37.75707958
90784272,2018,2018-08-06,9335,2018-07-25,1125,021626,,3,1,7,3801,0,1,2,,2,014,"US-101 NB","17TH ST U/C",290.00,S,N,A,-,Y,,,101,,,,,,N,Y,3,0,1,1,C,-,18,,,N,E,I,A,A,H,-,A,D,0,,,,,Y,,-,-,0,1,0,0,0,0,0,0,0,-,-,37.7638,-122.40504,"SAN FRANCISCO","SAN FRANCISCO",-122.4049303,37.76376894
90784298,2018,2018-08-06,9335,2018-07-26,1755,017672,,4,2,7,3801,0,1,1,,1,083,"I-80 E/B","SFOBB TOWER",2218.00,E,N,A,-,Y,,,80,,,,,,E,N,4,0,2,2,A,-,03,22350,,N,C,C,A,A,H,-,A,D,0,,,,,Y,,A,01,0,0,2,0,0,0,0,0,0,-,-,37.81837,-122.35197,"SAN FRANCISCO","SAN FRANCISCO",-122.35196992,37.81836967
90784299,2018,2018-08-06,9335,2018-07-26,0747,018688,,4,1,7,3801,0,1,1,,2,080,"I-80 E/B","4TH ST",405.00,E,N,B,-,Y,,,80,,,,,,E,N,4,0,1,2,A,-,04,21703,,N,C,C,A,A,H,-,A,D,0,,,,,Y,,A,01,0,0,1,0,0,0,0,0,0,-,-,37.78091,-122.39765,"SAN FRANCISCO","SAN FRANCISCO",-122.39767263,37.78093695
90784300,2018,2018-08-06,9335,2018-07-26,2104,021886,,4,2,7,3801,0,1,2,,2,015,"US-101 S/B","POTRERO AVE. U/C",50.00,S,N,B,-,Y,,,101,,,,,,S,Y,3,0,1,2,A,-,04,21703,,N,C,C,A,A,H,-,D,D,0,,,Y,,Y,,C,02,0,1,0,0,0,0,0,0,1,-,-,37.76878,-122.4079,"SAN FRANCISCO","SAN FRANCISCO",-122.40789943,37.76878525
90784303,2018,2018-08-06,9335,2018-07-26,1548,021957,,4,2,7,3801,0,1,1,,2,022,"I-280 NB TO GENEVA AVE.","GENEVA AVE",50.00,S,N,B,-,Y,,,280,,,,R,,N,N,4,0,2,2,A,-,03,22350,,M,C,C,A,A,H,-,A,D,0,,,,,Y,,A,01,0,0,2,0,0,0,0,0,0,-,-,37.72095,-122.44784,"SAN FRANCISCO","SAN FRANCISCO",-122.44784,37.72095
90784325,2018,2018-08-06,9335,2018-07-27,1930,022024,,5,2,7,3801,0,1,2,,2,013,"US-101 N/B","PAUL AVENUE",1000.00,S,N,A,-,Y,,,101,,,,,,N,Y,4,0,1,4,A,-,03,22350,,N,C,C,A,A,H,-,B,D,0,,,,,Y,,A,01,0,0,1,0,0,0,0,0,0,-,-,37.72083,-122.39994,"SAN FRANCISCO","SAN FRANCISCO",-122.39996205,37.72082245
90784332,2018,2018-08-06,9335,2018-07-29,2355,021712,,7,3,7,3801,0,1,1,,1,083,"I-80 E/B","FOREST RD",4752.00,E,N,A,-,Y,,,80,,,,,,E,Y,3,0,1,3,A,-,03,22350,,N,C,C,A,A,H,-,C,D,0,,,,,Y,,A,01,0,1,0,0,0,0,0,0,0,-,-,37.81822,-122.35243,"SAN FRANCISCO","SAN FRANCISCO",-122.35243304,37.81822813