CASE_ID,ACCIDENT_YEAR,PROC_DATE,JURIS,COLLISION_DATE,COLLISION_TIME,OFFICER_ID,REPORTING_DISTRICT,DAY_OF_WEEK,CHP_SHIFT,POPULATION,CNTY_CITY_LOC,SPECIAL_COND,BEAT_TYPE,CHP_BEAT_TYPE,CITY_DIVISION_LAPD,CHP_BEAT_CLASS,BEAT_NUMBER,PRIMARY_RD,SECONDARY_RD,DISTANCE,DIRECTION,INTERSECTION,WEATHER_1,WEATHER_2,STATE_HWY_IND,CALTRANS_COUNTY,CALTRANS_DISTRICT,STATE_ROUTE,ROUTE_SUFFIX,POSTMILE_PREFIX,POSTMILE,LOCATION_TYPE,RAMP_INTERSECTION,SIDE_OF_HWY,TOW_AWAY,COLLISION_SEVERITY,NUMBER_KILLED,NUMBER_INJURED,PARTY_COUNT,PRIMARY_COLL_FACTOR,PCF_CODE_OF_VIOL,PCF_VIOL_CATEGORY,PCF_VIOLATION,PCF_VIOL_SUBSECTION,HIT_AND_RUN,TYPE_OF_COLLISION,MVIW,PED_ACTION,ROAD_SURFACE,ROAD_COND_1,ROAD_COND_2,LIGHTING,CONTROL_DEVICE,CHP_ROAD_TYPE,PEDESTRIAN_ACCIDENT,BICYCLE_ACCIDENT,MOTORCYCLE_ACCIDENT,TRUCK_ACCIDENT,NOT_PRIVATE_PROPERTY,ALCOHOL_INVOLVED,STWD_VEHTYPE_AT_FAULT,CHP_VEHTYPE_AT_FAULT,COUNT_SEVERE_INJ,COUNT_VISIBLE_INJ,COUNT_COMPLAINT_PAIN,COUNT_PED_KILLED,COUNT_PED_INJURED,COUNT_BICYCLIST_KILLED,COUNT_BICYCLIST_INJURED,COUNT_MC_KILLED,COUNT_MC_INJURED,PRIMARY_RAMP,SECONDARY_RAMP,LATITUDE,LONGITUDE,COUNTY,CITY,POINT_X,POINT_Y
90883740,2018,2018-12-17,9335,2018-10-27,1800,021147,,6,2,7,3801,0,1,1,,2,080,"I-80 W/B","BEALE ST",58.00,W,N,A,-,Y,,,80,,,,,,W,Y,4,0,2,2,A,-,03,22350,,N,C,C,A,A,H,-,C,D,0,,,,,Y,,A,01,0,0,2,0,0,0,0,0,0,-,-,37.78642,-122.39037,"SAN FRANCISCO","SAN FRANCISCO",-122.3903316,37.78637503
90883923,2018,2018-12-17,9335,2018-12-06,0939,022186,,4,1,7,3801,0,1,2,,2,013,"US-101 N/B","PAUL AVE U/C",1848.00,S,N,A,-,Y,,,101,,,,,,N,N,4,0,2,2,A,-,03,22350,,M,C,C,A,A,H,-,A,D,0,,,,,Y,,A,01,0,0,2,0,0,0,0,0,0,-,-,37.71874,-122.39948,"SAN FRANCISCO","SAN FRANCISCO",-122.39938065,37.71876651
90885354,2018,2018-12-18,9335,2018-12-07,1535,021147,,5,2,7,3801,0,1,2,,2,014,"US-101 N/B TO US-101 N/B","15TH ST",45.00,S,N,A,-,Y,,,101,,,,R,,N,Y,4,0,1,4,A,-,07,21658,A,N,B,C,A,A,H,-,A,D,0,,,,,Y,,A,07,0,0,1,0,0,0,0,0,0,-,-,37.76708,-122.40516,"SAN FRANCISCO","SAN FRANCISCO",-122.40516,37.76708
90885426,2018,2018-12-18,9335,2018-12-09,1845,022032,,7,2,7,3801,0,1,2,,2,015,"US-101 S/B","POTRERO AVE",890.00,N,N,A,-,Y,,,101,,,,,,S,Y,3,0,2,3,A,-,03,22350,,N,C,C,A,A,H,-,C,D,0,,,,,Y,,D,22,0,1,1,0,0,0,0,0,0,-,-,37.76932,-122.41107,"SAN FRANCISCO","SAN FRANCISCO",-122.41106532,37.76935275
90885451,2018,2018-12-18,9335,2018-12-08,1835,022032,,6,2,7,3801,0,1,1,,2,023,"I-280 S/B","ST MARY'S PARK FOOTBRIDGE",800.00,N,N,A,-,Y,,,280,,,,,,S,Y,3,0,2,2,A,-,03,22350,,N,C,C,A,A,H,-,C,D,0,,,,,Y,,A,01,0,1,1,0,0,0,0,0,0,-,-,37.73203,-122.41796,"SAN FRANCISCO","SAN FRANCISCO",-122.41796006,37.73202319
90885770,2018,2018-12-19,9335,2018-12-08,2340,021474,,6,3,7,3801,0,1,1,,2,080,"I-80 E/B","BRANNAN ST. U/C",65.00,E,N,A,-,Y,,,80,,,,,,E,Y,4,0,1,2,A,-,03,22350,,N,C,C,A,A,H,-,D,D,0,,,,,Y,,D,22,0,0,1,0,0,0,0,0,0,-,-,37.77124,-122.40597,"SAN FRANCISCO","SAN FRANCISCO",-122.40595106,37.7712534
90886334,2018,2018-12-19,9335,2018-12-08,1725,022037,,6,2,7,3801,0,1,1,,2,023,"I-280 S/B","MISSION ST. O/C",475.00,N,N,A,-,Y,,,280,,,,,,S,Y,4,0,3,3,A,-,01,23152,A,N,C,C,A,A,H,-,D,D,0,,,,,Y,Y,A,01,0,0,3,0,0,0,0,0,0,-,-,37.73174,-122.42638,"SAN FRANCISCO","SAN FRANCISCO",-122.42639279,37.73166966
90886960,2018,2018-12-20,9335,2018-12-10,0615,021222,,1,1,7,3801,0,1,2,,2,013,"US-101 NORTHBOUND TO CESAR CHAVEZ ST.","CESAR CHAVEZ STREET",1000.00,S,N,A,-,Y,,,101,,,,R,,N,N,4,0,1,2,A,-,21,22106,,N,C,C,A,A,H,-,A,D,0,,,,,Y,,D,22,0,0,1,0,0,0,0,0,0,-,-,37.74658,-122.40394,"SAN FRANCISCO","SAN FRANCISCO",-122.40394,37.74658
90887669,2018,2018-12-21,9335,2018-12-11,1850,021424,,2,2,7,3801,0,1,2,,2,013,"US-101 N/B","PAUL AVE",200.00,S,N,A,-,Y,,,101,,,,,,N,Y,3,0,3,6,A,-,03,22350,,N,C,C,A,A,H,-,C,D,0,,,,,Y,,A,01,0,1,2,0,0,0,0,0,0,-,-,37.72311,-122.40083,"SAN FRANCISCO","SAN FRANCISCO",-122.40083018,37.72310993
90887898,2018,2018-12-21,9335,2018-10-28,0340,021222,,7,3,7,3801,0,1,1,,1,081,"I-80 WESTBOUND","5TH STREET",500.00,E,N,A,-,Y,,,80,,,,,,W,Y,3,0,1,2,A,-,01,23152,A,N,C,C,A,A,H,-,C,D,0,,,,,Y,Y,A,01,0,1,0,0,0,0,0,0,0,-,-,37.77947,-122.4002,"SAN FRANCISCO","SAN FRANCISCO",-122.40020965,37.77948199
90888342,2018,2018-12-24,9335,2018-12-13,1520,021469,,4,2,7,3801,0,1,2,,2,013,"US 101 S/B","PAUL AVE UNDERCROSSING",980.00,N,N,A,-,Y,,,,,,,,,,Y,4,0,1,4,A,-,03,22350,,N,C,C,A,A,H,-,A,D,0,,,,Y,Y,,D,22,0,0,1,0,0,0,0,0,0,-,-,37.72642,-122.40243,"SAN FRANCISCO","SAN FRANCISCO",,
90888349,2018,2018-12-24,9335,2018-12-12,1224,022175,,3,1,7,3801,0,1,2,,2,015,"US-101 S/B","FOLSOM ST UNDERCROSSING",89.00,N,N,A,-,Y,,,101,,,,,,S,N,4,0,1,2,A,-,03,22350,,N,C,C,A,A,H,-,A,D,0,,,,,Y,,D,22,0,0,1,0,0,0,0,0,0,-,-,37.76951,-122.41601,"SAN FRANCISCO","SAN FRANCISCO",-122.41600741,37.76955089
90889284,2018,2018-12-24,9335,2018-12-15,1735,021997,,6,2,7,3801,0,1,1,,2,023,"I-280 S/B","BADEN AVE O/C",112.00,S,N,A,-,Y,,,280,,,,,,S,Y,4,0,1,3,A,-,03,22350,,N,C,C,A,A,H,-,D,D,0,,,,,Y,,A,07,0,0,1,0,0,0,0,0,0,-,-,37.73003,-122.44002,"SAN FRANCISCO","SAN FRANCISCO",-122.43997529,37.72991746
90889891,2018,2018-12-26,9350,2018-12-21,1700,022133,,5,2,7,3801,0,1,2,,2,010,"US-101 N/B","LINCOLN BLVD UNDERCROSSING",300.00,N,N,A,-,Y,,,101,,,,,,N,N,3,0,1,1,A,-,03,22350,,N,F,A,A,A,H,-,C,D,0,,,Y,,Y,,C,02,0,1,0,0,0,0,0,0,1,-,-,37.80701,-122.47509,"SAN FRANCISCO","SAN FRANCISCO",-122.47515936,37.80693197
90890305,2018,2018-12-26,9350,2018-12-24,0725,021901,,1,1,7,3801,0,1,2,,2,020,"US-101 N/B","SOUTH TOWER GGB",440.00,N,N,B,C,Y,,,101,,,,,,N,Y,4,0,1,2,A,-,03,22350,,N,C,C,A,B,H,-,A,D,0,,,,Y,Y,,G,25,0,0,1,0,0,0,0,0,0,-,-,37.81521,-122.47794,"SAN FRANCISCO","SAN FRANCISCO",-122.47810477,37.81518854
90890924,2018,2018-12-27,9350,2018-12-18,2018,022108,,2,2,7,3801,0,1,2,,2,010,"US-101 S/B","LYON ST",15.00,N,N,A,-,Y,,,101,,,,,,S,Y,3,0,1,1,A,-,03,22350,,N,E,I,A,A,H,-,D,D,0,,,,,Y,,A,01,0,1,0,0,0,0,0,0,0,-,-,37.80105,-122.44827,"SAN FRANCISCO","SAN FRANCISCO",-122.44824383,37.80108762
90893787,2018,2018-12-31,9335,2018-12-17,1658,021277,,1,2,7,3801,0,1,2,,2,013,"US-101 N/B TO SILVER AVENUE","BAYSHORE BLVD",20.00,S,N,A,-,Y,,,101,,,,R,,N,Y,4,0,1,2,C,-,18,,,N,B,C,A,A,H,-,D,D,0,,,,,Y,,-,-,0,0,1,0,0,0,0,0,0,-,-,37.73175,-122.40424,"SAN FRANCISCO","SAN FRANCISCO",-122.40424,37.73175
90893795,2018,2018-12-31,9335,2018-12-21,1814,021277,,5,2,7,3801,0,1,1,,2,022,"I-280 S/B","SICKLES AVE",1373.00,N,N,A,-,Y,,,280,,,,,,S,N,4,0,1,2,A,-,07,21658,A,N,C,C,A,A,H,-,D,D,0,,,,,Y,,A,08,0,0,1,0,0,0,0,0,0,-,-,37.7138,-122.45198,"SAN FRANCISCO","SAN FRANCISCO",-122.45189828,37.7137075
90893809,2018,2018-12-31,9335,2018-12-17,0030,021916,,1,3,7,3801,0,1,1,,1,083,"I-80 E/B","EAST EDGE OF YERBA BUENA ISLAND TUNNEL",238.00,W,N,C,-,Y,,,80,,,,,,E,Y,4,0,2,2,A,-,08,22107,,N,B,C,A,B,F,-,C,D,0,,,,,Y,,A,01,0,0,2,0,0,0,0,0,0,-,-,37.80965,-122.36562,"SAN FRANCISCO","SAN FRANCISCO",-122.36568032,37.80970495
90893820,2018,2018-12-31,9335,2018-12-18,1430,018688,,2,2,7,3801,0,1,2,,2,013,"US-101 N/B","PAUL AVE",1426.00,S,N,A,-,Y,,,101,,,,,,N,N,4,0,1,3,A,-,04,21703,,N,C,C,A,A,H,-,A,D,0,,,,,Y,,A,01,0,0,1,0,0,0,0,0,0,-,-,37.71987,-122.3997,"SAN FRANCISCO","SAN FRANCISCO",-122.39967152,37.71987736
90893826,2018,2018-12-31,9335,2018-12-18,1055,022175,,2,1,7,3801,0,1,1,,2,023,"I-280 N/B","AUGUSTA ST",31.00,N,N,B,-,Y,,,,,,,,,,N,4,0,1,1,A,-,08,22107,,N,E,I,A,A,H,-,A,D,0,,,,,Y,,A,01,0,0,1,0,0,0,0,0,0,-,-,37.73446,-122.40503,"SAN FRANCISCO","SAN FRANCISCO",,
90893922,2018,2018-12-31,9335,2018-12-11,0449,021012,,2,3,7,3801,0,1,2,,2,014,"US-101 S/B TO I-280 S/B","CORTLAND AVE.",523.00,S,N,E,-,Y,,,101,,,,R,,S,Y,3,0,2,2,A,-,08,22107,,N,E,I,A,A,H,-,C,D,0,,,,,Y,,A,01,0,1,1,0,0,0,0,0,0,-,-,37.7382,-122.4082,"SAN FRANCISCO","SAN FRANCISCO",-122.4082,37.7382
90893925,2018,2018-12-31,9335,2018-11-03,1510,021277,,6,2,7,3801,0,1,2,,2,014,"US-101 S/B","23RD ST",153.00,S,N,A,-,Y,,,101,,,,,,S,N,4,0,1,4,A,-,03,22350,,N,C,C,A,A,H,-,A,D,0,,,,,Y,,A,08,0,0,1,0,0,0,0,0,0,-,-,37.75398,-122.40316,"SAN FRANCISCO","SAN FRANCISCO",-122.40309374,37.75398602
90893938,2018,2018-12-31,9335,2018-12-17,0430,021712,,1,3,7,3801,0,1,2,,2,013,"US-101 S/B","CORTLAND AVE",530.00,S,N,A,-,Y,,,101,,,,,,S,Y,3,0,1,1,A,-,01,23152,A,N,E,I,A,A,H,-,C,D,0,,,Y,,Y,Y,C,02,0,1,0,0,0,0,0,0,1,-,-,37.73813,-122.40818,"SAN FRANCISCO","SAN FRANCISCO",-122.40808229,37.73814179
90893957,2018,2018-12-31,9335,2018-12-17,0031,021916,,1,3,7,3801,0,1,1,,1,083,"I-80 E/B","EAST EDGE OF YERBA BUENA ISLAND TUNNEL",163.00,W,N,C,-,Y,,,80,,,,,,E,Y,4,0,2,2,A,-,03,22350,,N,D,C,A,B,F,-,C,D,0,,,,,Y,,A,01,0,0,2,0,0,0,0,0,0,-,-,37.80979,-122.36559,"SAN FRANCISCO","SAN FRANCISCO",-122.36559702,37.80979639
90893961,2018,2019-01-28,9335,2018-12-17,1350,022032,,1,1,7,3801,0,1,1,,2,080,"I-80 E/B FROM 5TH ST","4TH ST",300.00,W,N,A,-,Y,,,80,,,,R,,E,Y,4,0,1,2,A,-,08,22107,,N,B,C,A,A,H,-,A,D,0,,,,,Y,,A,01,0,0,1,0,0,0,0,0,0,-,-,37.77954,-122.39965,"SAN FRANCISCO","SAN FRANCISCO",-122.39965,37.77954
90893975,2018,2018-12-31,9335,2018-11-14,1740,021277,,3,2,7,3801,0,1,1,,2,080,"I-80 E/B","FOURTH ST",64.00,W,N,A,-,Y,,,80,,,,,,E,N,4,0,1,1,A,-,03,22350,,N,F,A,A,A,H,-,C,D,0,,,Y,,Y,,C,02,0,0,1,0,0,0,0,0,1,-,-,37.77987,-122.39895,"SAN FRANCISCO","SAN FRANCISCO",-122.39894724,37.77986672
90893981,2018,2018-12-31,9335,2018-11-30,0630,022007,,5,1,7,3801,0,1,1,,1,081,"I-80 W/B","YERBA BUENA ISLAND TUNNEL",571.00,W,N,A,-,Y,,,80,,,,,,W,N,4,0,1,2,A,-,03,22350,,N,C,C,A,A,H,-,B,D,0,,,,,Y,,A,01,0,0,1,0,0,0,0,0,0,-,-,37.80778,-122.36749,"SAN FRANCISCO","SAN FRANCISCO",-122.36748632,37.80777618
90894081,2018,2018-12-31,9350,2018-12-21,1730,022133,,5,2,7,3801,0,1,3,,2,011,"SR-1 S/B","LAKE ST",2640.00,N,N,A,-,Y,,,1,,,,,,S,Y,4,0,2,4,A,-,03,22350,,N,C,C,A,A,H,-,D,D,0,,,,,Y,,D,22,0,0,2,0,0,0,0,0,0,-,-,37.79165,-122.46985,"SAN FRANCISCO","SAN FRANCISCO",-122.46979106,37.79163397
90894847,2018,2018-12-31,9335,2018-12-19,1115,021700,,3,1,7,3801,0,1,1,,2,024,"I-280 S/B","AUGUSTA ST",160.00,S,N,A,-,Y,,,,,,,,,,N,3,0,1,2,A,-,07,21658,A,N,B,C,A,A,H,-,A,D,0,,,,Y,Y,,D,22,0,1,0,0,0,0,0,0,0,-,-,37.73383,-122.40509,"SAN FRANCISCO","SAN FRANCISCO",,
90894857,2018,2018-12-31,9335,2018-12-19,1230,020509,,3,1,7,3801,0,1,1,,1,081,"I-80 WESTBOUND","YERBA BUENA ISL TUNNEL",3854.00,E,N,A,-,Y,,,80,,,,,,W,N,4,0,1,4,A,-,03,22350,,N,C,C,A,A,H,-,A,D,0,,,,,Y,,A,07,0,0,1,0,0,0,0,0,0,-,-,37.8174,-122.35539,"SAN FRANCISCO","SAN FRANCISCO",-122.35537041,37.8173617
90895143,2018,2019-01-01,9335,2018-12-20,1130,021328,,4,1,7,3801,0,1,1,,2,080,"I-80 W/B","4TH ST. U/C",270.00,W,N,A,-,Y,,,80,,,,,,W,Y,4,0,1,2,A,-,04,21703,,N,C,C,A,A,H,-,A,D,0,,,,,Y,,A,01,0,0,1,0,0,0,0,0,0,-,-,37.7798,-122.39985,"SAN FRANCISCO","SAN FRANCISCO",-122.39983683,37.77978385
90895145,2018,2019-01-01,9335,2018-12-20,1300,022187,,4,1,7,3801,0,1,1,,2,023,"I-280 N/B","JUNIPERO SERRA BLVD",900.00,N,N,A,-,Y,,,,,,,,,,N,4,0,2,2,A,-,07,21658,A,N,C,C,A,A,H,-,A,D,0,,,,,Y,,A,07,0,0,2,0,0,0,0,0,0,-,-,37.69831,-122.47126,"SAN FRANCISCO","SAN FRANCISCO",,
90895198,2018,2019-01-01,9335,2018-12-21,1500,022032,,5,2,7,3801,0,1,2,,2,013,"US-101 N/B","PAUL AVE",530.00,S,N,A,-,Y,,,101,,,,,,N,N,4,0,1,2,A,-,03,22350,,N,C,C,A,A,H,-,A,D,0,,,,,Y,,A,08,0,0,1,0,0,0,0,0,0,-,-,37.72224,-122.40048,"SAN FRANCISCO","SAN FRANCISCO",-122.40048083,37.72223967
90895813,2018,2019-01-02,9335,2018-12-22,2340,021474,,6,3,7,3801,0,1,2,,2,015,"US-101 N/B","FOLSOM ST. U/C",35.00,N,N,A,-,Y,,,101,,,,,,N,Y,2,0,2,2,A,-,03,22350,,N,C,C,A,A,H,-,D,D,0,,,Y,,Y,,C,02,1,0,1,0,0,0,0,0,1,-,-,37.7697,-122.41581,"SAN FRANCISCO","SAN FRANCISCO",-122.41581113,37.76967471
90896086,2018,2019-01-02,9335,2018-12-24,2115,017150,,1,2,7,3801,0,1,1,,2,023,"I-280 S/B","23RD ST",500.00,N,N,C,-,Y,,,280,,,,,,S,Y,3,0,2,2,A,-,01,23152,A,N,C,C,A,B,H,-,C,D,0,,,,,Y,Y,A,01,0,1,1,0,0,0,0,0,0,-,-,37.75657,-122.39248,"SAN FRANCISCO","SAN FRANCISCO",-122.39240164,37.7565712
90897069,2018,2019-01-03,9335,2018-12-28,1130,021147,,5,1,7,3801,0,1,1,,1,083,"I-80 EB","BAY BRIDGE TOWER",720.00,W,N,A,-,Y,,,80,,,,,,E,N,4,0,1,3,A,-,03,22350,,F,C,C,A,A,H,-,A,D,0,,,,,Y,,-,99,0,0,1,0,0,0,0,0,0,-,-,37.81385,-122.36054,"SAN FRANCISCO","SAN FRANCISCO",-122.36062349,37.81399358
90897114,2018,2019-01-03,9335,2018-12-29,1128,021328,,6,1,7,3801,0,1,2,,2,013,"US-101 N/B","I-280 S/B TO I-280 S/B",250.00,N,N,A,-,Y,,,101,,,,,,N,Y,4,0,1,2,A,-,03,22350,,N,C,C,A,A,H,-,A,D,0,,,,,Y,,A,01,0,0,1,0,0,0,0,0,0,-,-,37.73602,-122.40717,"SAN FRANCISCO","SAN FRANCISCO",-122.4071638,37.7360234
90897655,2018,2019-01-04,9335,2018-11-01,2000,022032,,4,2,7,3801,0,1,1,,2,080,"I-80 E/B","3RD ST",410.00,E,N,A,-,Y,,,80,,,,,,E,N,3,0,2,1,A,-,08,22107,,N,F,A,A,A,H,-,C,D,0,,,Y,,Y,,C,02,0,2,0,0,0,0,0,0,2,-,-,37.78275,-122.39554,"SAN FRANCISCO","SAN FRANCISCO",-122.39555441,37.78276619
90897690,2018,2019-01-04,9335,2018-11-20,0800,020201,,2,1,7,3801,0,1,2,,2,015,"US-101 SOUTHBOUND","VAN NESS AVE",200.00,N,N,A,-,Y,,,101,,,,,,S,N,4,0,1,2,A,-,07,21658,A,N,B,C,A,A,H,-,A,D,0,,,Y,,Y,,A,01,0,0,1,0,0,0,0,0,1,-,-,37.76963,-122.41707,"SAN FRANCISCO","SAN FRANCISCO",-122.41706769,37.7696499
90897705,2018,2019-01-04,9335,2018-11-03,2020,022032,,6,2,7,3801,0,1,1,,2,080,"I-80 W/B","HARRIET ST",100.00,W,N,A,-,Y,,,80,,,,,,W,Y,4,0,1,3,A,-,03,22350,,N,C,C,A,A,H,-,C,D,0,,,,,Y,,A,01,0,0,1,0,0,0,0,0,0,-,-,37.77638,-122.4046,"SAN FRANCISCO","SAN FRANCISCO",-122.40462255,37.77641646
90898284,2018,2019-01-07,9335,2018-11-03,0155,022048,,6,3,7,3801,0,1,2,,2,015,"US-101 S/B TO I-80 E/B","DIVISION ST UNDERCROSSING",73.00,S,N,A,-,Y,,,101,,,,R,,S,Y,4,0,2,1,A,-,01,23152,A,M,E,I,A,A,H,-,C,D,0,,,,,Y,Y,A,01,0,0,2,0,0,0,0,0,0,-,-,37.76984,-122.4054,"SAN FRANCISCO","SAN FRANCISCO",-122.4054,37.76984
90898290,2018,2019-01-07,9335,2018-12-27,1340,020201,,4,1,7,3801,0,1,1,,1,083,"I-80 E/B","YERBA BUENA ISLAND TUNNEL",200.00,E,N,A,-,Y,,,80,,,,,,E,N,4,0,2,2,A,-,03,22350,,N,C,C,A,A,H,-,A,D,0,,,,,Y,,A,01,0,0,2,0,0,0,0,0,0,-,-,37.81097,-122.36413,"SAN FRANCISCO","SAN FRANCISCO",-122.36429528,37.81113536
90898305,2018,2019-01-07,9335,2018-12-29,1810,021886,,6,2,7,3801,0,1,1,,2,023,"I-280 N/B","ST. MARY'S PARK FOOTBRIDGE",400.00,S,N,A,-,Y,,,280,,,,,,N,Y,3,0,5,3,A,-,03,22350,,N,C,C,A,A,H,-,C,D,0,,,,,Y,,A,07,0,1,4,0,0,0,0,0,0,-,-,37.73155,-122.42205,"SAN FRANCISCO","SAN FRANCISCO",-122.42204835,37.73153752
90898355,2018,2019-01-07,9335,2018-11-05,0845,022096,,1,1,7,3801,0,1,1,,2,023,"I-280 N/B","ST. MARY'S PARK FOOTBRIDGE",380.00,S,N,A,-,Y,,,280,,,,,,N,N,4,0,1,2,A,-,03,22350,,N,C,C,A,A,H,-,A,D,0,,,,,Y,,A,01,0,0,1,0,0,0,0,0,0,-,-,37.73156,-122.42201,"SAN FRANCISCO","SAN FRANCISCO",-122.42200774,37.7315429
90898366,2018,2019-01-07,9335,2018-11-03,0955,022096,,6,1,7,3801,0,1,2,,2,014,"US-101 S/B","17TH STREET U/C",85.00,S,N,A,-,Y,,,101,,,,,,S,Y,4,0,1,3,A,-,07,21658,A,N,B,C,A,A,H,-,A,D,0,,,,Y,Y,,-,-,0,0,1,0,0,0,0,0,0,-,-,37.76436,-122.40514,"SAN FRANCISCO","SAN FRANCISCO",-122.40507665,37.764366
90898377,2018,2019-01-07,9335,2018-11-20,0840,020201,,2,1,7,3801,0,1,1,,2,023,"I-280 NORTHBOUND","ALEMANY BLVD. OVER-CROSSING",400.00,N,N,A,-,Y,,,280,,,,,,N,Y,4,0,1,2,A,-,03,22350,,N,C,C,A,A,H,-,A,D,0,,,,,Y,,A,01,0,0,1,0,0,0,0,0,0,-,-,37.73275,-122.41312,"SAN FRANCISCO","SAN FRANCISCO",-122.41312966,37.73277279
90898763,2018,2019-01-07,9350,2018-12-15,1515,022037,,6,2,7,3801,0,1,2,,2,020,"GOLDEN GATE BRIDGE BICYCLE PATH","LIGHT POST 86",100.00,S,N,A,-,Y,,,,,,,,,,N,3,0,1,2,B,-,22,,,F,A,G,A,A,H,-,A,D,0,,Y,,,Y,,L,04,0,1,0,0,0,0,1,0,0,-,-,37.81632,-122.47864,"SAN FRANCISCO","SAN FRANCISCO",,
90900532,2018,2019-01-09,9335,2018-12-30,0128,021712,,7,3,7,3801,0,1,1,,1,083,"I-80 E/B","THE EMBARCADERO",1072.00,E,N,A,-,Y,,,80,,,,,,E,Y,3,0,1,2,A,-,03,22350,,N,C,C,A,A,H,-,C,D,0,,,,Y,Y,,G,25,0,1,0,0,0,0,0,0,0,-,-,37.7956,-122.38116,"SAN FRANCISCO","SAN FRANCISCO",-122.38095342,37.79539013
90900760,2018,2019-01-09,9335,2018-12-18,1745,022179,,2,2,7,3801,0,1,1,,2,022,"I-280 S/B","SAN JOSE AVE UNDERCROSSING",350.00,S,N,A,-,Y,,,280,,,,,,S,Y,3,0,3,2,A,-,03,22350,,N,C,C,A,A,H,-,C,D,0,,,,,Y,Y,A,01,0,2,1,0,0,0,0,0,0,-,-,37.71069,-122.45764,"SAN FRANCISCO","SAN FRANCISCO",-122.45763581,37.71061465
90902949,2018,2019-01-14,9335,2018-12-30,2225,022048,,7,3,7,3801,0,1,1,,1,083,"I-80 E/B","SFOBB METERING LIGHTS",10349.00,W,N,A,-,Y,,,80,,,,,,E,Y,4,0,3,4,A,-,03,22350,,F,C,C,A,A,H,-,C,D,0,,,,,Y,,-,99,0,0,3,0,0,0,0,0,0,-,-,37.81827,-122.35233,"SAN FRANCISCO","SAN FRANCISCO",-122.35232889,37.81826704
90909365,2018,2019-01-23,9335,2018-12-29,1610,021147,,6,2,7,3801,0,1,2,,2,015,"US-101 N/B","MISSION ST",153.00,N,N,A,-,Y,,,101,,,,,,N,N,4,0,1,2,A,-,03,22350,,M,C,C,A,A,H,-,A,D,0,,,,,Y,,-,99,0,0,1,0,0,0,0,0,0,-,-,37.77011,-122.42057,"SAN FRANCISCO","SAN FRANCISCO",-122.42056899,37.7701422
90912671,2018,2019-01-25,9335,2018-12-13,1800,021997,,4,2,7,3801,0,1,1,,1,083,"I-80 E/B","ARMY RD U/C",1214.00,E,N,A,-,Y,,,80,,,,,,E,Y,4,0,1,3,A,-,08,22107,,M,B,C,A,A,H,-,C,D,0,,,,Y,Y,,-,99,0,0,1,0,0,0,0,0,0,-,-,37.81661,-122.35572,"SAN FRANCISCO","SAN FRANCISCO",-122.35576852,37.81670015
90917127,2018,2019-02-01,9335,2018-09-30,2140,021147,,7,2,7,3801,0,1,2,,2,015,"US -101 S/B TO I-80 E/B","DIVISION ST",155.00,N,N,B,-,Y,,,,,,,,,,Y,1,1,1,2,A,-,08,22107,,N,E,I,A,A,H,-,D,D,0,,,Y,,Y,,C,02,0,1,0,0,0,0,0,1,1,-,-,37.76923,-122.40561,"SAN FRANCISCO","SAN FRANCISCO",,
90933900,2018,2019-02-26,9335,2018-09-21,1041,018399,,5,1,7,3801,0,1,1,,1,081,"I-80 W/B","TREASURE ISLAND ROAD",1521.00,W,N,A,-,Y,,,80,,,,,,W,Y,1,1,0,3,A,-,08,22107,,N,E,I,A,A,H,-,A,D,0,,,Y,,Y,,C,02,0,0,0,0,0,0,0,1,0,-,-,37.80575,-122.36955,"SAN FRANCISCO","SAN FRANCISCO",-122.36961143,37.80581723
90954648,2018,2019-03-27,9335,2018-12-17,0710,021649,,1,1,7,3801,1,4,S,,2,901,"ALEMANY BLVD","ONONDAGA AVE",6.00,S,N,B,E,Y,,,,,,,,,,N,3,0,1,2,A,-,10,21950,A,N,G,B,B,A,H,-,A,A,0,Y,,,,Y,,H,17,0,1,0,0,1,0,0,0,0,-,-,37.72158,-122.43873,"SAN FRANCISCO","SAN FRANCISCO",-122.43871934,37.72163528